title,titleUrl,time,channel_name,channel_id,video_id,video_tag
Watched Honestly! I felt bad for killing these shadows ||  #callofduty #mw2 #shadow #shorts,https://www.youtube.com/watch?v=lJ48Z86T_rw,2024-03-18T15:29:04.430Z,STONE XD,UCSaDiRN6Z8owFIgqd0pkDDQ,lJ48Z86T_rw,"['STONE XD', 'Ghost', 'Call of duty', 'Edit', 'gmv', 'Modern warfare 2', 'Campaign remastered', 'Shadow company', 'Captain price', 'Soap mactavish']"
Watched My guy did NOT put a second thought ğŸ’€ (Shangri-La Frontier),https://www.youtube.com/watch?v=Y6Phjjl9Qvk,2024-03-18T15:28:35.232Z,harissm,UC6bi-o0gusnxQK7W5B85dHQ,Y6Phjjl9Qvk,"['HARISSM', 'shangri-la frontier', 'shangri-la frontier reaction', 'shangri-la frontier harissm', 'shangri-la frontier ep 1 reaction', 'shangri-la frontier episode 1', 'shangri-la frontier episode 1 reaction', 'shangri-la', 'shangri-la frontier anime', 'shangri-la frontier opening', 'shangri-la frontier ending', 'Shangri-La Frontier: Kusoge Hunter Kamige ni Idoman to su', 'emul', 'pencilgon', 'psyger-100', 'shangri-la frontier episode reaction', 'Rakurou Hizutome', 'rei x rakurou', 'faeria kick', 'sunraku kick']"
Watched The BRAT who flipped her SKIRT 80 years ago ğŸ’€ (Sousou no Frieren),https://www.youtube.com/watch?v=T33Bfgg2wUc,2024-03-18T15:28:33.438Z,harissm,UC6bi-o0gusnxQK7W5B85dHQ,T33Bfgg2wUc,"['HARISSM', 'Sousou no frieren', 'sousou no frieren episode 1', 'sousou no frieren episode 2', 'sousou no frieren episode 3', 'sousou no frieren episode 4', 'sousou no frieren episode 1 reaction', 'sousou no frieren episode 2 reaction', 'sousou no frieren episode 3 reaction', 'sousou no frieren episode 4 reaction', 'sousou no frieren ep 1 reaction', 'sousou no frieren reaction', ""frieren: beyond journey's end"", ""frieren: beyond journey's end reaction"", 'sousou no frieren harissm', 'frieren', 'fern', 'frieren fern']"
Watched Mau Random Bentar!,https://www.youtube.com/watch?v=cIbwFCdWDYk,2024-03-18T15:27:32.664Z,ShinMei,UCahetHoMuR0j0EKLogexCIg,cIbwFCdWDYk,
Watched if this is your POV as the 4th person in this drama ğŸ˜­ #asignofaffection #itsoumi #oushi #heartbroken,https://www.youtube.com/watch?v=e1ayKkSLdFY,2024-03-18T15:10:36.562Z,English Subs & Dubs,UCXjvMknkTMIzE-Xzw2xzI1Q,e1ayKkSLdFY,"['romance anime', 'oushi heartbroken', 'painful anime', 'a sign of affection episode 8']"
Watched ğŸ† The Most DISRESPECTFUL Killcam of ALLTIME ğŸ†,https://www.youtube.com/watch?v=Yt3JAj3rLNA,2024-03-18T15:10:35.593Z,Full Squad Gaming,UCNhcopSj1dbR6nm3QEA5arQ,Yt3JAj3rLNA,"['gaming', 'video games', 'full squad gaming', 'gaming trivia', 'gaming games', 'games', 'challenge', 'challenges', 'valorant', 'apex legends', 'apex', 'warzone', 'call of duty', 'csgo', 'overwatch', 'minecraft', 'roblox', 'animal crossing', 'gta', 'gta v', 'pubg', 'gaming memes', 'funny gaming momments', 'comedy', 'streaming', 'twitch', 'twitchcon', 'short', 'streamer', 'dark humor', 'fail', 'vanguard', 'tiktok', 'viral', 'jeopardy', 'mess up', 'nrg', 'nrg castle', 'full squad', 'mikeoofs', 'mikeoofs shorts', 'fortnite', 'cod zombies', 'zombies', 'pokemon', 'super hero', 'marvel', 'dc', 'iron man']"
Watched Saki is a savage ğŸ˜‚ #anime #animemoments,https://www.youtube.com/watch?v=8bnr0l2XeB0,2024-03-18T15:10:16.346Z,Animeme TV,UCzCItGmTbB-nHZHx5OOR4sQ,8bnr0l2XeB0,"['Anime', 'Anime Shorts', 'funny anime moments', 'anime funny moments', 'funny anime', 'anime moments', 'anime', 'funny anime moment', 'romantic killer']"
Watched FRIEREN VS FRIEREN IS A MASTERPIECE!!! ğŸ”¥ğŸ”¥ğŸ”¥ (Frieren Beyond Journey's End),https://www.youtube.com/watch?v=PdqT8D0_D78,2024-03-18T15:08:29.356Z,CloudyCrow,UCAdQ-eQtOGD8XMjE6SnDJ1g,PdqT8D0_D78,"['cloudycrow', 'anime reaction', 'anime mashup', 'frieren beyond journeys end', 'freiren episode 25', 'frieren beyond journeys end reaction', 'frieren episode 25 reaction', 'frieren ep 25 reaction', 'frieren reaction', 'frieren fern', 'frieren', 'frieren reaction mashup', 'frieren cloudycrow reaction', 'cloudy crow', 'reaction', 'sousou no frieren', 'frieren vs frieren']"
Watched Memes I found on the internet ğŸ¤£ part 33 #viral #shorts #memes #funnymemes #funny,https://www.youtube.com/watch?v=rQ6hvgqY2oY,2024-03-18T11:03:25.398Z,Funny clips on the Internet ,UCydlc0VWx6ijST1wi5N92BQ,rQ6hvgqY2oY,"['shorts', 'asmr', 'skibidi toilet', 'try not to laugh', 'funny memes', 'memes']"
Watched FERN The Slayer!!!ğŸ’€ FRIEREN,https://www.youtube.com/watch?v=CYW6HL0aZgs,2024-03-18T10:46:57.731Z,FreshestAnime,UC3BJ-xQMcLJVzK0Uo7wfXOg,CYW6HL0aZgs,"['frieren', 'frieren anime', 'frieren anime reaction', 'frieren reaction', 'frieren ep 9 reaction', 'frieren ed reaction', 'frieren opening reaction', 'frieren ending reaction', 'anime reaction', 'frieren beyond journeys end reaction', 'frieren 9 reaction', 'frieren sad reaction', 'frieren episode 1 reaction', 'frieren ep 1 reaction', 'sousou no frieren', 'è‘¬é€ã®ãƒ•ãƒªãƒ¼ãƒ¬ãƒ³', 'aura', 'aura the guillotine', 'lugner', 'demons', 'frieren the slayer', 'FERN', 'stark', 'fern vs lugner', ""frieren beyond journey's end"", 'FERN The Slayer!!!']"
Watched Most stranger waves when the weather is change #weatherchange #northsea #waves,https://www.youtube.com/watch?v=CEejaToEygs,2024-03-18T10:46:53.308Z,ğ•Šğ•–ğ•’ ğ”½ğ•¦ğ•£ğ•ª â˜ ï¸,UCqMVDLnGSpMVhVEuy-RKsnQ,CEejaToEygs,
Watched Another Kid Fried Rice,https://www.youtube.com/watch?v=2-dUToDQ8lI,2024-03-18T10:46:51.831Z,Uncle Roger Shorts,UCSd6xd7dKy9mb0JhHGpyOIQ,2-dUToDQ8lI,
Watched Did you know that Sokka changed Ty Lee? ğŸ˜® #avatarthelastairbender,https://www.youtube.com/watch?v=4lUsGFbUj4c,2024-03-18T10:46:22.870Z,Movie Jokes & Details with Mike,UCn6iykpOzitrJCaAnh3THAA,4lUsGFbUj4c,"['avatar the last airbender', 'avatar', 'the last airbender', 'atla', 'toph', 'aang', 'katara', 'netflix', 'avatar the last airbender netflix', 'netflix avatar the last airbender', 'ty lee', 'sokka']"
Watched Free Palestine ğŸ‡µğŸ‡¸,https://www.youtube.com/watch?v=NOtXtUXdYYM,2024-03-18T10:45:53.660Z,Hamzah Saadah,UCMzw4_bJAwv1j5gUga6NPkQ,NOtXtUXdYYM,
Watched Bat Wash,https://www.youtube.com/watch?v=KScMsWavKn0,2024-03-18T10:45:27.672Z,Mr. Lee ASMR,UCU_06qjzuictUkp0Pyn1BGw,KScMsWavKn0,
Watched Eps.84 Calon DPR #tekatekikematian #short,https://www.youtube.com/watch?v=wzdQt7aiCWg,2024-03-18T10:45:02.949Z,GodBless,UCPLcRU-2RA6N_JFhJdUt-5A,wzdQt7aiCWg,"['pembunuhan indriana dewi', 'devara putri prananda', 'calon dpr menjadi otak pembunuhan indriana', 'kasus pembunuhan indriana dewi', 'kasus pembunuhan viral', 'teka teki kematian', 'misteri kematian', 'cinta segitiga berujung pembunuhan', 'pembunuhan akibat cinta segitiga', 'godbless']"
Watched Apakah ini bener?,https://www.youtube.com/watch?v=Q5Fr1zGdgq4,2024-03-18T10:44:43.221Z,Hero Miro,UCWGiDftnxqiONc262pPDYpA,Q5Fr1zGdgq4,
Watched FRIEREN FINALLY FLEXES HER TRUE POWER!!! ğŸ˜± (Frieren Beyond Journey's End),https://www.youtube.com/watch?v=o3C-LyANDgI,2024-03-18T10:43:50.887Z,CloudyCrow,UCAdQ-eQtOGD8XMjE6SnDJ1g,o3C-LyANDgI,"['cloudycrow', 'anime reaction', 'anime mashup', 'frieren beyond journeys end', 'freiren episode 10', 'frieren beyond journeys end reaction', 'frieren episode 10 reaction', 'frieren ep 10 reaction', 'frieren reaction', 'frieren fern', 'frieren', 'frieren reaction mashup', 'frieren cloudycrow reaction', 'cloudy crow', 'reaction']"
Watched Frieren is just way too RUTHLESS for that guy ğŸ’€ (Sousou no Frieren),https://www.youtube.com/watch?v=vGvsom5-lf0,2024-03-18T10:43:19.523Z,harissm,UC6bi-o0gusnxQK7W5B85dHQ,vGvsom5-lf0,"['HARISSM', 'Sousou no frieren', 'sousou no frieren episode 1', 'sousou no frieren episode 8', 'sousou no frieren episode 6', 'sousou no frieren episode 1 reaction', 'sousou no frieren episode 8 reaction', 'sousou no frieren episode 3 reaction', 'sousou no frieren episode 6 reaction', 'sousou no frieren ep 8 reaction', 'sousou no frieren reaction', ""frieren: beyond journey's end"", ""frieren: beyond journey's end reaction"", 'sousou no frieren harissm', 'frieren', 'fern', 'frieren fern', 'frieren fern stark', 'stark fern']"
Watched è‘¬é€ã®ãƒ•ãƒªãƒ¼ãƒ¬ãƒ³ã€€ãƒŸãƒ‹ã‚¢ãƒ‹ãƒ¡â‘¬ã€Œãƒ©ã‚¹ãƒœã‚¹ã€€ãƒ•ãƒªãƒ¼ãƒ¬ãƒ³ã®å€’ã—æ–¹ã€|How to defeat Frieren,https://www.youtube.com/watch?v=MYEigYebI2Y,2024-03-18T08:25:50.179Z,CMaD,UCDkkMVs3hUrhM4gHKIusemg,MYEigYebI2Y,"['mimic', 'ãƒŸãƒŸãƒƒã‚¯', 'ãƒ•ã‚§ãƒ«ãƒ³', 'fern', 'feln']"
Watched Frieren: Beyond Journey's End - Episode 27 [Takarir Indonesia],https://www.youtube.com/watch?v=6jAqU-qnBro,2024-03-18T08:25:05.651Z,Muse Indonesia,UCxxnxya_32jcKj4yN1_kD7A,6jAqU-qnBro,"['ãƒ•ãƒªãƒ¼ãƒ¬ãƒ³', 'frieren', 'Fantasy', 'Drama', 'yoasobi', 'tanezukiatsumi', 'muse', 'toho', 'Streaming', 'DiRumahAja']"
Watched EPISODE 143: PENEMUAN MENGEJUTKAN SAAT GALI MAKAMâ—ï¸,https://www.youtube.com/watch?v=BxTXp7EF8mw,2024-03-18T08:16:23.868Z,Dokter Stephanie,UCNylyhNWG_zKB2yw0l6nl9g,BxTXp7EF8mw,"['Forensik', 'Forensic', 'Forensics', 'Otopsi', 'Autopsy', 'Kisah Otopsi', 'Kisah Forensik', 'Kisah Forensik Dokter Stephanie', 'Kisah Otopsi Dokter Stephanie', 'Misteri', 'Cerita Misteri', 'Cerita Horor', 'Horor', 'Horror', 'Medis', 'Misterius', 'Sosok Gaib', 'Mistis', 'Cerita Mistis', 'Cerita Mistik', 'Cerita Forensik', 'Cerita Otopsi', 'Cerita Dari Ruang Otopsi', 'Exhumasi', 'Gali Kubur', 'Gali Makam', 'Janin Bayi', 'Janin dalam perut mayat', 'Gadis Remaja Hamil']"
Watched Deep dive into TensorFlow Ranking for recommendations,https://www.youtube.com/watch?v=8CPI5_Ivmj4,2024-03-17T20:44:01.489Z,TensorFlow,UC0rqucBdTuFTjJiefW5t-IQ,8CPI5_Ivmj4,"['pr_pr: Core ML/TensorFlow', 'Campaign: ;', 'ct: ;', 'type: ;', 'gds:Please Select']"
Watched AKHIRNYA GAME YG KITA TUNGGU TUNGGU,https://www.youtube.com/watch?v=p-YwiKwczm4,2024-03-13T15:23:30.459Z,NapLive,UChXsCcj64gdYp8FVCFTzwiw,p-YwiKwczm4,"['napking', 'naplive', 'livestreaming', 'game', 'horror', 'naruto', 'windah basudara']"
Watched Neuro-Sama Broke During Stream And Vedal Tried To Fix Her,https://www.youtube.com/watch?v=PJ6ZtdJ8tA0,2024-03-13T15:22:12.903Z,Dense Clips,UCMHhxLTASePAiYCRmr9cLyA,PJ6ZtdJ8tA0,"['vtuber', 'neurosama', 'neuro-sama', 'twitch', 'twitch clips', 'twitchstreamer', 'virtualyoutuber', 'virtual youtuber']"
Watched Who's the friend you'd choose to rock out to this song with? ğŸ¤˜ Tag them in the comments! #shorts,https://www.youtube.com/watch?v=VQtMi6IsOf0,2024-03-13T14:17:58.340Z,Sabaton,UCjQhd1APsd5NQhiVZV7GYzg,VQtMi6IsOf0,
"Watched PAGI KLENTENG, SORE GEREJA, EH DISURUH MASUK PESANTRENâ€¼ï¸ HABIB JAFAR TERHERAN-HERAN! - LOGIN eps 3",https://www.youtube.com/watch?v=eL7NT38yD7w,2024-03-13T14:00:25.979Z,Deddy Corbuzier,UCYk4LJI0Pr6RBDWowMm-KUw,eL7NT38yD7w,"['Login', 'Log in', 'Habib Jafar', 'Onad', 'Onadio Leonardo', 'Closethedoor', 'Logindiclosethedoor', 'Agama', 'Islam', 'Ramadhan', 'Lucu', 'Debat', 'Sahur', 'buka puasa', 'puasa', 'tarawih', 'Komedi', 'Comedy', 'Deddy Corbuzier', 'Corbuzier', 'Orang tua', 'religi', 'islam', 'kristen', 'muslim', 'Winona', 'Budha', 'tik tok', 'banyuwangi', 'gereja', 'kelenteng']"
Watched Classroom Of The Elite S3 - Episode 11 [Takarir Indonesia],https://www.youtube.com/watch?v=-jIxXlIuXO0,2024-03-13T13:34:18.233Z,Muse Indonesia,UCxxnxya_32jcKj4yN1_kD7A,-jIxXlIuXO0,"['YoukosoJitsuryokuShijouShuginoKyoushitsue', 'ClassroomoftheElite', 'AyanokoujiKiyotaka', 'HoritakaSuzune', 'StudioLerche', 'Psychological', 'Gratis', 'AnimeSubIndo', 'Muse', 'KitouAkari', 'TouyamaNao', 'Keren', 'DiRumahAja']"
Watched Every Time Team Avatar Forgot Toph Was Blind ğŸ™ƒ | Avatar: The Last Airbender,https://www.youtube.com/watch?v=A9vZEUsH6Dc,2024-03-13T13:25:18.722Z,Avatar: The Last Airbender,UCN_u5w69V9wUZYG8WeJWuNg,A9vZEUsH6Dc,"['nickelodeon', 'animation', 'anime', 'avatar', 'avatar the last airbender', 'atla', 'avatar on netflix', 'netflix', 'the last airbender', 'aang', 'toph', 'team avatar', 'avatar studios', 'zuko', 'toph beifong', 'full episode', 'full episodes', 'live action', 'netflix avatar', 'avatar the last airbender netflix', 'netflix avatar the last airbender', 'avatar netflix', 'avatar netflix trailer', 'avatar netflix clip', 'avatar netflix live action', 'avatar netflix cast', 'daniel dae kim', 'katara', 'azula', 'Gordon Cormier', 'Ian Ousley', 'animated']"
Watched Frieren: Beyond Journey's End - Episode 26 [Takarir Indonesia],https://www.youtube.com/watch?v=C9Fctg5YvUk,2024-03-13T13:07:03.157Z,Muse Indonesia,UCxxnxya_32jcKj4yN1_kD7A,C9Fctg5YvUk,"['ãƒ•ãƒªãƒ¼ãƒ¬ãƒ³', 'frieren', 'Fantasy', 'Drama', 'yoasobi', 'tanezukiatsumi', 'muse', 'toho', 'Streaming', 'DiRumahAja']"
Watched Frieren: Beyond Journey's End OST - Fern VS Frieren Clone (Orchestral Cover),https://www.youtube.com/watch?v=udacgTvsovs,2024-03-13T13:05:10.641Z,Edward Music,UCAKO1i3HojePhk1MO6NGnPw,udacgTvsovs,"['Anime', 'Anime music', 'Orchestral music', 'Edward Music', ""OST Frieren: Beyond Journey's End"", ""Frieren: Beyond Journey's End Covers"", ""Frieren: Beyond Journey's End Soundtrack"", 'Sousou no Frieren Covers', 'EdwardOrchestra', 'Sousou no Frieren', 'Sousou no Frieren OST', ""Frieren: Beyond Journey's End Episode 26"", 'Sousou no Frieren Episode 26', 'Evan Call', ""Frieren: Beyond Journey's End OST - Frieren VS Fern Cover"", 'OST - Waltz', 'Frieren VS Fern Cover', 'Serious Frieren', 'Frieren & Fern VS Frieren Clone']"
Watched ğ—§ğ—¼ğ—¸ğ—¼ğ—½ğ—²ğ—±ğ—¶ğ—® ğ˜… ğ—ğ—¼ğ—¯ğ—¼ ğ—ğ—®ğ—»ğ—®ğ—²ğ—¿ğ˜‚ ğ—˜ğ—±ğ—¶ğ˜ #tokopedia #memes #edit #hololive #music,https://www.youtube.com/watch?v=87dP7vCQung,2024-03-13T13:04:30.736Z,Onlyme,UC2N3TgxTmRPzzW-l2ZkhkhQ,87dP7vCQung,
Watched ã€School Labyrinthã€‘ MASUK SEKOLAH BERHANTU BARENG TIM BOROX?!!! @WindahBasudara @LuthfiHalimawan,https://www.youtube.com/watch?v=IKo_Yse38z4,2024-03-13T13:03:34.960Z,Kobo Kanaeru Ch. hololive-ID,UCjLEmnpCNeisMxy134KPwWw,IKo_Yse38z4,"['indo', 'indonesia', 'indonesian', 'scary', 'horor', 'takut', 'seram', 'menegangkan', 'hide', 'stealth', 'scared', 'menakutkan', 'jumpscare', 'scare', 'shock', 'scream', 'jumpscares', 'serem', 'tegang', 'jump', 'first', 'person', 'story', 'cerita', ""chilla's art"", 'shout', 'screaming', 'shouting', 'shook', 'shocked', 'tense', 'kobokan', 'anime', 'kaget', 'shocking', 'ghost', 'hantu', 'thriller', 'psychological', 'survival', 'ending', 'endings', 'multiple endings', 'fps', 'first person', 'mystery', 'dark', 'mysterious', 'supernatural', 'windah', 'bang windah', 'luthfi', 'halimawan', 'bang upi', 'upi', 'youtuber', 'bang win', 'kobo', 'kanaeru']"
Watched (This Episode is on FIRE) Cuplikan Classroom of the Elite S3 Eps 11,https://www.youtube.com/watch?v=dZ4XLqYc1UU,2024-03-13T13:02:08.530Z,Muse Indonesia,UCxxnxya_32jcKj4yN1_kD7A,dZ4XLqYc1UU,"['YoukosoJitsuryokuShijouShuginoKyoushitsue', 'ClassroomoftheElite', 'AyanokoujiKiyotaka', 'HoritakaSuzune', 'StudioLerche', 'Psychological', 'Gratis', 'AnimeSubIndo', 'Muse', 'KitouAkari', 'TouyamaNao', 'Keren', 'DiRumahAja']"
Watched Classroom Of The Elite S3 - Episode 01 [Takarir Indonesia],https://www.youtube.com/watch?v=TS0MjoYqW2Y,2024-03-13T13:01:46.825Z,Muse Indonesia,UCxxnxya_32jcKj4yN1_kD7A,TS0MjoYqW2Y,"['YoukosoJitsuryokuShijouShuginoKyoushitsue', 'ClassroomoftheElite', 'AyanokoujiKiyotaka', 'HoritakaSuzune', 'StudioLerche', 'Psychological', 'Gratis', 'AnimeSubIndo', 'Muse', 'KitouAkari', 'TouyamaNao', 'Keren', 'DiRumahAja']"
Watched Classroom of the Elite S2 - Episode 01 [Takarir Indonesia],https://www.youtube.com/watch?v=Vhq23ZeWdjc,2024-03-13T13:01:31.858Z,Muse Indonesia,UCxxnxya_32jcKj4yN1_kD7A,Vhq23ZeWdjc,"['YoukosoJitsuryokuShijouShuginoKyoushitsue', 'ClassroomoftheElite', 'AyanokoujiKiyotaka', 'HoritakaSuzune', 'StudioLerche', 'Psychological', 'Gratis', 'AnimeSubIndo', 'Muse', 'KitouAkari', 'TouyamaNao', 'Keren', 'DiRumahAja']"
Watched Classroom of the Elite S2 - Episode 13 [Takarir Indonesia],https://www.youtube.com/watch?v=mA46Cowqfek,2024-03-13T13:01:25.855Z,Muse Indonesia,UCxxnxya_32jcKj4yN1_kD7A,mA46Cowqfek,"['YoukosoJitsuryokuShijouShuginoKyoushitsue', 'ClassroomoftheElite', 'AyanokoujiKiyotaka', 'HoritakaSuzune', 'StudioLerche', 'Psychological', 'Gratis', 'AnimeSubIndo', 'Muse', 'KitouAkari', 'TouyamaNao', 'Keren', 'DiRumahAja']"
Watched SABATON -  The Lost Battalion   (OFFICIAL LYRIC VIDEO),https://www.youtube.com/watch?v=7jTgkTEDDog,2024-03-13T13:00:37.312Z,Nuclear Blast Records,UCoxg3Kml41wE3IPq-PC-LQw,7jTgkTEDDog,"['sabaton', 'new sabaton album', 'sabaton 2014', 'swedish empire', 'nuclear blast', 'power metal', 'joakim broden', 'sabaton drums', 'Nuclear Blast (Organization)', 'metal', 'abyss studio', 'Peter TÃ¤gtgren (Record Producer)', 'nightwitches', 'regiment 588', 'night witches', 'heroes on tour', 'sabaton full album', 'sabaton live', 'Resist and Bite', 'swedish pagans', 'panzerkampf', 'carolus rex', 'rockavaria', 'rock im revier', 'sabaton tour', 'the last stand', 'sabaton the last stand full album', 'the last stand full album']"
Watched SABATON - Ghost Division (Official Lyric Video),https://www.youtube.com/watch?v=ICfzQVh3lvs,2024-03-13T12:56:44.927Z,Sabaton,UCjQhd1APsd5NQhiVZV7GYzg,ICfzQVh3lvs,"['sabaton', 'ÑĞ°Ğ±Ğ°Ñ‚Ğ¾Ğ½', 'heavy metal', 'metal', 'ghost division', 'ghost division sabaton', 'ghost division lyrics', 'ghost division music video', 'sabaton ghost division', 'sabaton ghost division lyrics', 'sabaton ghost division music video', 'ghost division lyric video', 'panzer division', 'panzer division sabaton', 'panzer division song', 'erwin rommel', '7th panzer division', '7th panzer division ghost division', '7th panzer division song', '7th panzer regiment', 'sabaton the art of war full album']"
Watched SABATON - Resist And Bite (OFFICIAL LYRIC VIDEO),https://www.youtube.com/watch?v=iGtEH1i78sI,2024-03-13T12:52:57.543Z,Nuclear Blast Records,UCoxg3Kml41wE3IPq-PC-LQw,iGtEH1i78sI,"['sabaton', 'new sabaton album', 'sabaton 2014', 'swedish empire', 'nuclear blast', 'power metal', 'joakim broden', 'sabaton drums', 'Nuclear Blast (Organization)', 'metal', 'abyss studio', 'Peter TÃ¤gtgren (Record Producer)', 'chris huszar', 'david havlena', 'sabaton tour 2015', 'sabaton tour']"
Watched Polisi Anti Teror Yang Malah Meneror Warga! Didanai Amerika! RAB Bangladesh! | Learning By Googling,https://www.youtube.com/watch?v=kcIq4HyISyw,2024-03-13T12:02:01.366Z,Sepulang Sekolah,UCfQHaUbD0oEBH_FRYHE5qIg,kcIq4HyISyw,"['sepulang sekolah', 'koi', 'jui', 'SMA', 'pelajar', 'komedi', 'comedy', 'standup', 'web series', 'bogor', 'indonesia', 'belajar', 'learning by googling', 'learning by google', 'learning with google', 'koide', 'koide namizo', 'koiyocabe', 'koiyo cabe', 'koyocabe', 'koyo cabe', 'history', 'sejarah', 'budaya', 'culture', 'asia tenggara', 'south east asia', 'story telling', 'storytelling', 'penjelasan', 'RAB', 'Bangladesh', 'Rapid', 'Action Battalion', 'polisi', 'antiteror', 'teror', 'USA', 'UK']"
Watched Semua episode Cautious Hero: The Hero Is Overpowered but Overly Cautious [Takarir Indonesia],https://www.youtube.com/watch?v=oSAXzKWRu3I,2024-03-13T09:22:39.170Z,Muse ID Best Anime Collection,UCjcAfwNEjkXA352e2uMt5Jg,oSAXzKWRu3I,"['ShinchouYuusha', 'KonoYuusha', 'RyuuguuinSeiya', 'Listarte', 'Action', 'Ngakak', 'Anime', 'Streaming', 'PSBB', 'DiRumahAja']"
Watched Shylily react To Dank Memes Vine Compilation V30 Youtube,https://www.youtube.com/watch?v=-HiwEi8Hj4k,2024-03-13T09:15:25.965Z,VTubeMoment,UC5aVBQ1ZwMnM3ddNfGChmkw,-HiwEi8Hj4k,"['vtuber clips', 'vtuber reacts to memes', 'vtuber', 'miilkywayz memes', 'first time watching', 'vtubemoment', 'miilkywayz cute', 'vtuber clips reaction', 'envtuber', 'vtubers', 'virtual youtuber', 'movie reaction', 'reaction', 'first time watching movie reaction', 'miilkywayz funny moments', 'memes compilation', 'dank memes compilation', 'Milky Mommy React', 'milky mommy react', 'YOU LAUGH YOU LOSE BRAIN', 'try not to laugh', 'ylyl', 'you laugh you lose', 'Vtuber React To Memes', 'milky', 'shylily', 'shylily clips', 'memerman']"
Watched çµ¦è·¯äººé…éŸ³æ•´è ±ï¼ çŸ­è¤²å°å§éƒ½æ‡µäº†ï¼Œé‚„è¦è®“é–¨èœœè©¦è©¦çœ‹ï¼ #shorts,https://www.youtube.com/watch?v=h6gp7BeEqWc,2024-03-13T09:12:38.794Z,æ•´ä¸ªè·¯äºº,UCxc3OEfW443WRjYSGFITwRA,h6gp7BeEqWc,"['æç¬‘', 'æ•´è ±', 'çˆ†ç¬‘', 'è·¯äºº', 'ç¾å¥³', 'çˆ†ç¬‘æ•´è ±', 'æç¬‘è¦–é »', 'æ®µå­', 'æ•´äºº', 'æ•´å€‹è·¯äºº']"
Watched What to do if youâ€™re losing a 1 v 1 vs. your friendâ€¦,https://www.youtube.com/watch?v=2-mjYPaO-2k,2024-03-13T09:12:33.384Z,Michael Storen,UCwQOKgQ-2k4Ar7QFcF0EcTg,2-mjYPaO-2k,
Watched he best decoration Iâ€™ve ever seen ğŸ’¯,https://www.youtube.com/watch?v=uGIt5gpuTtw,2024-03-13T09:12:07.066Z,Shaddyz,UCysco8_kquMuTuLIAioRZlg,uGIt5gpuTtw,
Watched A professional killer teaches a girl his jobğŸ˜¨ | LÃ©on: The Professional  |,https://www.youtube.com/watch?v=qJYs9MUCLWE,2024-03-13T09:11:55.962Z,MovieGo,UCmCgj56jaAUcjxXEv3ks9NQ,qJYs9MUCLWE,"['movie', 'watch movies', 'film', 'clips', 'top movies', 'edit', 'moment', 'scene', 'movie clips', 'movies', 'full movie', 'movies 2023 full movie', 'full movies', 'movies 2023 full movies', 'horror movie', 'fantasy', 'comedy', 'drama', 'action', 'oscar movies', 'tiktok', 'troom troom', 'how to watch movies for free', 'how to watch movies', 'film complet', 'short films', 'film daction americain en francais', 'best movies', 'top movies of all time', 'horror movies', 'best horror movies', 'new horror movies', 'best comedy', 'thriller movies', 'shorts']"
Watched Most resistant woman in the army (jasmin.serena),https://www.youtube.com/watch?v=sXdiX_ooaIE,2024-03-13T09:11:25.483Z,BuzzWave,UC975HbYZDvvpclgDvjDhfHA,sXdiX_ooaIE,
Watched Jinshi Eavesdropping After Maomao Throw Him Out #theapothecarydiaries #anime,https://www.youtube.com/watch?v=HOYFFGkF_GI,2024-03-13T09:10:27.911Z,Akira,UCWDffHNdG_v7sgUxMnBb-3w,HOYFFGkF_GI,"['Anime', 'Anime edits', 'Edits', 'Anime shorts', 'Shorts', 'The Apothecary Diaries', 'Jinshi', 'Maomao', 'Anime AMV', 'AMV']"
Watched What to do if youâ€™re losing an argumentâ€¦ (Helpful),https://www.youtube.com/watch?v=xvbY22T1jXQ,2024-03-13T09:10:20.971Z,Michael Storen,UCwQOKgQ-2k4Ar7QFcF0EcTg,xvbY22T1jXQ,
Watched They showing their basket ball skills on the street #anime #shorts #animeedits #animememes,https://www.youtube.com/watch?v=na8vLAZwwb0,2024-03-13T09:10:06.840Z,OtakuKart,UCUKpLWyiksDzWN-e52uDAjg,na8vLAZwwb0,"['otakukart', 'animeblog', 'upcoming', 'trailer', 'release date', 'news', 'games', 'movies', 'tvshows', 'anime', 'cartoon', 'cast', 'episode']"
Watched Anime danceğŸ’ƒğŸ» with the most popularity! â¤ part 2#anime#edit#amv#amvedits#amvs#music,https://www.youtube.com/watch?v=w5SE3P1WayQ,2024-03-13T09:09:45.727Z,IZols,UCWKNQp0pakTjVDPvgSfPMhQ,w5SE3P1WayQ,
Watched Rishe's Poisoning!! ğŸ˜± Rishe Prepares The Antidote For Everyone! ğŸ˜Œ 7th Time Loop #shorts,https://www.youtube.com/watch?v=iZL8TMJaZSs,2024-03-13T09:09:16.218Z,AnimeTop,UCD6Cf7iydTHW1bxVd7io8mA,iZL8TMJaZSs,"['7th time loop the villainess', '7th time loop', 'arnold hein edit', 'arnold hein', '7th loop anime episode 2', '7th time loop the villainess episode 2', '7th time loop the villainess enjoys a carefree life married to her worst enemy', '7th time loop anime', '7th time loop edit', 'arnold and rische', '7th time loop amv', '7th time loop shorts', '7th time loop ep 2', 'shorts', 'anime', 'viral', 'edits', 'edit', 'anime shorts', 'arnold hein proposes to rishe', 'the villainess enjoys a carefree life married to her worst enemy']"
Watched Fumiya Takahashi The voice actorğŸ§¸VS The characterğŸ˜©#animeedit,https://www.youtube.com/watch?v=kpqWd0U5t58,2024-03-13T09:09:07.309Z,ğ“ğ“·ğ“¼ğ“±ğ“²ğ“¬ğ“¸ğ“¬ğ“¸ â™¡,UC2RT0YXrxMYxniOBMlJiEBw,kpqWd0U5t58,
Watched Anya & Bond - #spyxfamily #anyaforger #anime,https://www.youtube.com/watch?v=fXTrNhMz5b0,2024-03-13T09:08:29.304Z,Animeme TV,UCzCItGmTbB-nHZHx5OOR4sQ,fXTrNhMz5b0,
Watched They look like married coupleğŸ¤­ğŸ˜‚ [maomao and Jinshi] The Apothecary diaries #animeedit #viral #fyp,https://www.youtube.com/watch?v=T9ftdkSoFnc,2024-03-13T09:07:55.172Z,Daarin Anime,UCVQsV9UdnvH443xXXFBHphQ,T9ftdkSoFnc,
Watched Gawr Gura - When I'm Gone,https://www.youtube.com/watch?v=YZwSzGYtvWg,2024-03-13T09:06:05.811Z,blueAwoo,UCE6l02Iwv7vJlAXfBE7ZUcw,YZwSzGYtvWg,"['gawr gura', ""when I'm gone"", ""senzawa when I'm gone"", ""gura when I'm gone"", 'baby shark', 'anime vtuber', 'hololive', 'hololive english', 'gura karaoke', 'gura singing', ""gura you're gonna miss me"", 'gura a', 'gura clips', 'hololive english 2nd gen', 'hololive auditions', 'hololive en 2nd gen debut', 'mori calliope', 'amelia watson', 'ninomae inanis', 'takanashi kiara', 'gura song', 'gura collab', 'gura sad', 'gura cry', 'dloow', 'sashimi hololive', 'sushi hololive', 'gavr gurach']"
Watched Which is your favortie? #hairstyle #shortvideo #shorts #short,https://www.youtube.com/watch?v=LK2VWXf707Y,2024-03-13T08:59:45.263Z,Brooke Monk,UC73sF-7Ihcs1HpnXEEXZ2ew,LK2VWXf707Y,
"Watched Satisfying Gun Toys, Happy to Play toys with Friends #gun #toys #shorts ğŸ¥°32",https://www.youtube.com/watch?v=-BAM35vMpfs,2024-03-13T08:59:14.465Z,Mei JodaGu,UCGyNK1Fr-8VvxipC4ouFC9A,-BAM35vMpfs,
Watched 18-year-old genius outplayed an FBI agent...ğŸ˜³,https://www.youtube.com/watch?v=3aVSC5p9tHk,2024-03-13T08:58:06.348Z,Cinema Home,UCvLZSZGK88zLOe8R2sO5KKA,3aVSC5p9tHk,"['Movie', 'Films', 'Best Moment', 'Best Moments', 'Shorts', 'Oscar', 'Actor', 'Actors']"
Watched making those sweet transitions for my bakery video #shorts #behindthescenes,https://www.youtube.com/watch?v=oUFz7-65D3o,2024-03-13T08:57:25.900Z,Caleb Natale,UC1vY3FaEJYblWQ5Sa9K9-sQ,oUFz7-65D3o,
Watched Man Attempts to Bring Drugs on Planes.#shorts,https://www.youtube.com/watch?v=ebiDcTTnSq0,2024-03-13T08:57:20.311Z,Bull Movie,UCvCH0NytR7lmq3UEfvc2s4g,ebiDcTTnSq0,"['biography', 'crime', 'drama', 'shorts', 'movie', 'Alan Parker', 'Oliver Stone', 'Billy Hayes', 'William Hoffer', 'Brad Davis', 'Irene Miracle', 'Bo Hopkins', 'Midnight Express']"
Watched Oreki's only weakness ğŸ˜‚ #anime #animemoments,https://www.youtube.com/watch?v=XEhpNHaUCjI,2024-03-13T08:56:52.066Z,Animeme TV,UCzCItGmTbB-nHZHx5OOR4sQ,XEhpNHaUCjI,"['Anime', 'Anime Shorts', 'funny anime moments', 'anime funny moments', 'funny anime', 'anime moments', 'hyouka', 'chitanda', 'oreki', 'funny anime shorts']"
Watched Soldier surprises pregnant wife for her birthday ğŸ¥¹,https://www.youtube.com/watch?v=hI9bsm_UW8w,2024-03-13T08:55:46.281Z,Nick K,UCguEyr7fCr3iNYPEG0FDOwA,hI9bsm_UW8w,
Watched How we hit the worldâ€™s longest hole in oneâ€¦ â›³ï¸ #AD,https://www.youtube.com/watch?v=38D6jlOBpfY,2024-03-13T08:55:42.080Z,Brandon B,UCUnmH8N8k4E7y3dKfCzDKKg,38D6jlOBpfY,
Watched What happens if the train hits Peter in all the Spider-Man games? #videogames #easteregg #gaming,https://www.youtube.com/watch?v=jhv2fUpnMuQ,2024-03-13T08:54:42.929Z,Retrogamingg,UCtBU9Pvc3U4zpFwNQaS5-xg,jhv2fUpnMuQ,
Watched Her favorite color is his eye colorğŸ‘€â¤â€ğŸ”¥ [Rishe and Arnold] 7th time loop #animeedit #viral #fyp,https://www.youtube.com/watch?v=Y2LNPccM0S0,2024-03-13T08:54:31.261Z,Daarin Anime,UCVQsV9UdnvH443xXXFBHphQ,Y2LNPccM0S0,
Watched Bro be flexing his reflexes #anime #shorts #animeedits #animememes,https://www.youtube.com/watch?v=5uItv7PsyOk,2024-03-13T08:54:06.586Z,OtakuKart,UCUKpLWyiksDzWN-e52uDAjg,5uItv7PsyOk,"['otakukart', 'animeblog', 'upcoming', 'trailer', 'release date', 'news', 'games', 'movies', 'tvshows', 'anime', 'cartoon', 'cast', 'episode']"
Watched cats in Germany be like #germany #cat #memes #meme,https://www.youtube.com/watch?v=aZS0BnPWx4I,2024-03-13T08:53:56.504Z,GeoBall,UCsr5GODEp4-Mp3RdN5MlNQw,aZS0BnPWx4I,
Watched STARDENBURDENHARDENBART day3 Cat Calling in different languages (German always works) #shorts,https://www.youtube.com/watch?v=2goARbEMBrI,2024-03-13T08:53:53.256Z,Dennis loves cats (and chess),UC4Fw73zg7_IQ2QqfDibP9-w,2goARbEMBrI,"['cat', 'cats', 'languages', 'STARDENBURDENHARDENBART', 'Cat Calling', 'German always works', 'humor', 'meme', 'tik tok', 'kitty']"
Watched stardenburdenhardenbart!..,https://www.youtube.com/watch?v=Vl7IpMVqHPU,2024-03-13T08:53:48.587Z,RIU,UCj_T9RPFVxjQGDHEymrExEw,Vl7IpMVqHPU,"['kobo Kanaeru', 'Shylily', 'Hololive ID', 'Virtual YouTuber', 'vtuber clips', 'vtuber', 'Overwatch 2']"
Watched Stardenburdenhardenbart - WHAT DOES IT MEAN? (calling cats),https://www.youtube.com/watch?v=e7LMICbQLbY,2024-03-13T08:53:11.497Z,Dennis loves cats (and chess),UC4Fw73zg7_IQ2QqfDibP9-w,e7LMICbQLbY,"['cat', 'cats', 'languages', 'STARDENBURDENHARDENBART', 'Cat Calling', 'German always works', 'humor', 'meme', 'tik tok', 'kitty', 'tik tok viral', 'calling cats', 'tik tok popular']"
Watched STARDENBURDENHARDENBART day 1 Cat Calling in different languages (German always works),https://www.youtube.com/watch?v=B5L4uL-d4zc,2024-03-13T08:52:56.214Z,Dennis loves cats (and chess),UC4Fw73zg7_IQ2QqfDibP9-w,B5L4uL-d4zc,"['lovecats', 'cat', 'cats', 'kitty', 'catcalling', 'STARDENBURDENHARDENBART', 'German always works', 'languages', 'german']"
Watched KOBO KENA MENTAL,https://www.youtube.com/watch?v=cTr2EOS4fF0,2024-03-13T08:49:10.868Z,Tsimiko Ch,UCUwzlQWlMWgbtbDeG1vfR8g,cTr2EOS4fF0,"['vtuber', 'vtuberclip', 'envtuber', 'kawaii', 'vtubers', 'vtuber clips', 'kobo kanaeru', 'shylily', 'lily', 'imut', 'gemes', 'womp womp', 'hololive id']"
Watched hold on a second #shorts #viralvideo #,https://www.youtube.com/watch?v=uvFxiU-eosE,2024-03-13T08:47:46.210Z,N. M Gaming,UCWF37piP6eiDUMGsgCD62Gw,uvFxiU-eosE,
Watched THIS is how you introduce a character ğŸ”¥ | #toph #avatar #shorts,https://www.youtube.com/watch?v=QgaWbVu7ipA,2024-03-13T08:46:09.111Z,Avatar: The Last Airbender,UCN_u5w69V9wUZYG8WeJWuNg,QgaWbVu7ipA,"['nickelodeon', 'animation', 'anime', 'avatar', 'avatar the last airbender', 'atla', 'avatar on netflix', 'netflix', 'the last airbender', 'aang', 'toph', 'team avatar', 'avatar studios', 'zuko', 'toph beifong', 'full episode', 'full episodes', 'live action', 'netflix avatar', 'avatar the last airbender netflix', 'netflix avatar the last airbender', 'avatar netflix', 'avatar netflix trailer', 'avatar netflix clip', 'avatar netflix live action', 'avatar netflix cast', 'daniel dae kim', 'katara', 'azula', 'Gordon Cormier', 'Ian Ousley', 'animated']"
Watched Ğ’Ğ¾Ñ€Ğ¸ÑˆĞºĞ° Ñ iq 200 ğŸ‘¨ğŸ’¸ #Ñ„Ñ€Ğ°Ğ½Ñ†ÑƒĞ·ÑĞºĞ¸ĞµĞºĞ¾Ğ¼ĞµĞ´Ğ¸Ğ¸,https://www.youtube.com/watch?v=Flb5FS27ZUs,2024-03-13T08:45:05.176Z,Ğ¡Ğ¼ĞµÑˆĞ¸ Ğ¼ĞµĞ½Ñ Ğ¿Ğ¾-Ñ„Ñ€Ğ°Ğ½Ñ†ÑƒĞ·ÑĞºĞ¸,UCPnw11NKpwowEjU12c68rcg,Flb5FS27ZUs,
Watched Cocky Fighter Gets Karma (@KarateCombat),https://www.youtube.com/watch?v=L-VPp2RtKv0,2024-03-13T08:44:58.565Z,FitFix ,UC3NJVkGUkPwvWwWpQG-67Ag,L-VPp2RtKv0,"['gym', 'fitness', 'memes', 'training', 'gym fails', 'funny', 'compilation', 'gym memes', 'sports', 'viral', 'shorts', 'fight', 'mma', 'karate', 'boxing', 'fighting']"
Watched Idol vs Backup dancer,https://www.youtube.com/watch?v=Osefd3xWJKQ,2024-03-13T08:44:53.670Z,ê¹€í”„ë¡œKIMPRO,UCiVs2pnGW5mLIc1jS2nxhjg,Osefd3xWJKQ,"['ê¹€í”„ë¡œ', 'kimpro', 'ê¹€ë™ì¤€', 'ê¹€í”„ë¡œìœ íˆ¬ë¸Œ', 'ìœ íˆ¬ë¸Œê¹€í”„ë¡œ', 'ê¹€ë™ì¤€ìœ íˆ¬ë¸Œ', 'ìœ ë°±í•©', 'kkubi99', 'kkubi', 'ì˜¤ì¼€ì´íŒ€', 'teamok', 'okteam', 'okíŒ€']"
Watched âš ï¸ Life Changing Horse Pedicure ğŸ’…,https://www.youtube.com/watch?v=z7vHBlFGINE,2024-03-13T08:43:58.468Z,Not So Boring.,UCxD81nKTv07z-nUbPPmaKXQ,z7vHBlFGINE,
Watched i forced my boyfriend to draw me asâ€¦ ğŸ˜ˆğŸ’… | JULIA GISELLA @mariusleqi,https://www.youtube.com/watch?v=OfTit8t3VuU,2024-03-13T08:43:47.708Z,JULIA GISELLA,UCCPsBYxLUykj5xbgOGTRzKQ,OfTit8t3VuU,"['art', 'challenge', 'satisfying', 'oddly satisfying', 'colouring', 'sketching', 'pencil art', 'drawing art pencil', 'art tutorial', 'easy art', 'easy sketches', 'easy sketches for beginners', 'boyfriend', 'girlfriend', 'satisfying art', 'drawing', 'painting', 'ipad', 'digital art', 'procreate', 'filter', 'julia gisella', '3d painting', 'arts', 'disney', 'realism', 'girl', 'crush', 'how to draw', 'eyes', 'lips', 'beginner', 'anime', 'posca', 'markers', 'brother', 'sibling', 'twin sister']"
Watched Flying a Broomstick ğŸ§¹ With Mash!!! | MASHLE | #anime #shorts #mashle,https://www.youtube.com/watch?v=Gu1QcHpwOyo,2024-03-13T08:43:28.798Z,Luma Edits,UC3vgbBDY2RzP1d4XYf3W_sA,Gu1QcHpwOyo,"['mashle', 'mashle funny moments', 'mashle anime', 'mashle funny moment', 'mashle magic and muscles', 'mash funniest moments machio best moments mashle funny moments', 'mashle: magic and muscles', 'mashle: magic and muscles season 2', 'mashle season 2', 'mash funny moment', 'mash funny moments', 'mashle episode 2', '#mashle', 'mashle: magic and muscles funny moments', 'mashle: magic and muscles funny moments episode 7', 'mashle anime trailer', 'mashle op', '#mash funny moments dub', 'mashle ep 2', 'mashle ep 3']"
Watched Retired veteranâ€™s advice for snipers.,https://www.youtube.com/watch?v=Yo-jsoT9clI,2024-03-13T08:43:14.782Z,Veteran PAPA,UCxW7OrP4TVFiiGSOZIPLxSA,Yo-jsoT9clI,
Watched Snake Moves Without Head ğŸ˜±,https://www.youtube.com/watch?v=RLL2onEyT_s,2024-03-13T08:42:57.559Z,Infinitix,UCRCY8e406KX2p6opKopXkTw,RLL2onEyT_s,"['#viral', '#trending']"
Watched Make Your Day a Little Sweeter with These Macaroons! Macarons? #expressionmed #dexcomg6 #cgm,https://www.youtube.com/watch?v=rj51IbjodsI,2024-03-13T08:42:25.763Z,ExpressionMed,UCnW6UIcHRmn1wq8Nh9Qmb8Q,rj51IbjodsI,"['dexcom g6', 'dexcom cgm', 'dexcom', 'diabetes', 'type one diabetes', 'type 1 diabetes', 'expressionmed', 'expressionmed tape', 'expressionmed patch', 'expressionmed dexcom g6']"
Watched Maomao really likes poison ğŸ¤£| The Apothecary Diaries | #anime #animelover #animeedit,https://www.youtube.com/watch?v=P8qs87VQceg,2024-03-13T08:42:13.565Z,Darkness Sky ,UCvFt-il0o690rLYopWsY8lg,P8qs87VQceg,
Watched account for sale #anime #jujutsukaisen #sukuna #fyp,https://www.youtube.com/watch?v=fif5cRZnbBM,2024-03-13T08:42:09.632Z,Nyaxen,UCQTkDUWjovnDZIQak7QKe5Q,fif5cRZnbBM,
Watched Airdrop aid boxes kill at least 5 and injure 10 Palestinians,https://www.youtube.com/watch?v=6f0tNifEXVQ,2024-03-13T08:42:05.207Z,TRT World,UC7fWeaHhqgM4Ry-RMpM2YYw,6f0tNifEXVQ,"['TRT world', 'trtworld', 'World News', 'breaking news', 'breaking', 'turkish news', 'tÃ¼rkiye news', 'trt', 'aid drop', 'palestine aid drop', 'aid drop to gaza', 'aid drop kills palestinians', 'humanitarian aid airdrop']"
Watched She lost her last hopeğŸ’”#tilltheendofthemoon  #é•¿æœˆçƒ¬æ˜ #luoyunxi #leoluo  #bailu  #shorts #cdrama,https://www.youtube.com/watch?v=aBSdEf0raps,2024-03-13T08:41:53.722Z,YOUKU ROMANCE-Get APP now,UCzWUqYV4pst04ekfnJq0AOQ,aBSdEf0raps,"['ä¼˜é…·', 'youku', 'é•¿æœˆçƒ¬æ˜', 'till the end of the moon', 'é•¿æœˆçƒ¬æ˜ ep1', 'é•¿æœˆçƒ¬æ˜ é¢„å‘Š', 'é•¿æœˆçƒ¬æ˜ ç»“å±€', 'till the end of the moon trailer', 'till the end of the moon eng sub', 'till the end of the moon ost', 'till the end of the moon eng ep1', 'ç½—äº‘ç†™', 'ç™½é¹¿', 'é™ˆéƒ½çµ', 'é‚“ä¸º', 'å­™çå¦®', 'è€¿ä¸šåº­', 'äºæ³¢', 'é»„æµ·å†°', 'éƒ‘å›½éœ–', 'å¼ èŠ·æºª', 'ç‹ä¸€è²', 'è‚–é¡ºå°§', 'æ±ªæ±æ½®', 'å¤è£…ä»™ä¾ ', 'å¥‡å¹»çˆ±æƒ…', 'å¤§é™†å¤è£…å‰§', 'cdrama', 'é™ˆåšè±ª', 'é•¿æœˆçƒ¬æ˜ ç½—äº‘ç†™', 'ç½—äº‘ç†™ ç™½é¹¿', 'luo yunxi', 'bai lu', 'chen duling', 'deng wei', 'sun zhenni', 'geng yeting', 'yu bo', 'huang haibing', 'zhen guoling', 'zhang zhixi', 'wang yifei', 'xiao shunyao', 'é•·æœˆç‡¼æ˜ é å‘Š', 'é•·æœˆç‡¼æ˜', 'chinese drama eng sub']"
Watched Broâ€™s having fun with zombiesğŸ’€ || #mwiii #shorts #zombies #cod #ghost,https://www.youtube.com/watch?v=IzcGw_CmP5o,2024-03-13T08:41:32.697Z,STONE XD,UCSaDiRN6Z8owFIgqd0pkDDQ,IzcGw_CmP5o,"['edit', 'Frutxd', 'Brute xd', 'STONE XD', 'Call of duty', 'Modernwarfare 3', 'Mwiii', 'Mwiii beta', 'Cod zombies', 'Edit', 'Ghost edit', 'Zombie ghost', 'Cod lobby']"
Watched How to play Tennis ğŸ¾ Ft. Mash | MASHLE | #anime #mashle #shorts,https://www.youtube.com/watch?v=s3eVnW4RWjo,2024-03-13T08:41:05.580Z,Luma Edits,UC3vgbBDY2RzP1d4XYf3W_sA,s3eVnW4RWjo,"['mashle funny moments', 'mashle', 'mashle anime', 'mashle magic and muscles', 'mashle funny moment', 'mashle: magic and muscles', 'mash funniest moments machio best moments mashle funny moments', 'mashle: magic and muscles season 2', 'mashle season 2', 'mash funny moment', 'mash funny moments', 'mashle episode 2', '#mashle', 'mashle anime trailer', 'mashle: magic and muscles funny moments', 'mashle reaction', 'mashle: magic and muscles funny moments episode 7', 'mashle badass moments', 'mashle op']"
Watched Free Palestine ğŸ‡µğŸ‡¸,https://www.youtube.com/watch?v=Rbul8iIMrJA,2024-03-13T08:40:35.340Z,Hamzah Saadah,UCMzw4_bJAwv1j5gUga6NPkQ,Rbul8iIMrJA,
Watched How big of a Sabaton fan are you? #shorts,https://www.youtube.com/watch?v=DRLKtXSuwpY,2024-03-13T08:39:31.035Z,Sabaton,UCjQhd1APsd5NQhiVZV7GYzg,DRLKtXSuwpY,"['sabaton', 'ÑĞ°Ğ±Ğ°Ñ‚Ğ¾Ğ½', 'heavy metal', 'metal', 'fan challenge', 'rock challenge', 'mental challenge', 'fan test']"
Watched The Rizz God Is Back ğŸ˜ #anime #amv #shorts,https://www.youtube.com/watch?v=KpNO_14LoD4,2024-03-13T08:39:19.084Z,G Wit Da Edits,UC-NT9wwQLy7OKADMu1Mgh_Q,KpNO_14LoD4,
Watched This Man Pretends Heâ€™s Dead #shorts #viral,https://www.youtube.com/watch?v=RaJ5mX_nnNk,2024-03-13T08:38:10.847Z,Discovery Navigator,UCh6Svf5LQftQv__ZqbNE02w,RaJ5mX_nnNk,"['movie', 'movie recaps', 'series', 'series recap', 'best flims', 'movies free online', 'movie watch', 'movies', 'recaps', 'recap', 'full movie', 'free movies', 'shorts', 'movie recap', 'movies to watch', 'short movie', 'interesting', 'free full movies', 'funny', 'funny story', 'funny movie', 'free movie', 'weird', 'weird movie', 'war', 'war movie', 'soldier', 'nazi', 'world war']"
Watched ë¬´ì¤‘ë ¥ ì¹¨ëŒ€ğŸ˜±the best bedğŸ›ï¸,https://www.youtube.com/watch?v=4gjrZguYnmM,2024-03-13T08:37:43.021Z,ì´ë„í˜„ì˜ ë³€í™”ì¼ì§€_DOHYUN LEE,UCb_sGj-uRm_ZzG1IXmk4TjQ,4gjrZguYnmM,
Watched behind the scenes lee jae wook viral scene in alchemy of souls,https://www.youtube.com/watch?v=BPl4LuIYKUU,2024-03-13T08:37:32.301Z,CHOI TIMJANGNIM,UCzJ7rCX_tAu7APJxu_SngWA,BPl4LuIYKUU,
Watched Warga twitter be like:,https://www.youtube.com/watch?v=i26nlxEyaTs,2024-03-13T08:37:07.548Z,Hero Miro,UCWGiDftnxqiONc262pPDYpA,i26nlxEyaTs,
Watched Nhá»¯ng clip triá»‡u view gÃ¡i xinh hot tiktok Trung Hoa (p886) #douyin #beautiful,https://www.youtube.com/watch?v=A0NCTjQLhUg,2024-03-13T08:36:54.636Z,LienLien,UC1uMxcP2Ki3GPlt6VAjRktA,A0NCTjQLhUg,
Watched Wild man make quail trap with cardboard box #wildchannel#shortvideo,https://www.youtube.com/watch?v=GUXpWZiiXEc,2024-03-13T08:36:49.040Z,Wild Channel,UCPWVidDPOnUeemmZGppW7vQ,GUXpWZiiXEc,
Watched ì•ˆ ë“¤ì€ ì‚¬ëŒì€ ìˆì–´ë„ í•œë²ˆ ë“¤ì€ ì‚¬ëŒì€ ì—†ë‹¤ëŠ” ë ˆì „ë“œ ë¼ˆì†Œë¦¬ #1,https://www.youtube.com/watch?v=Nnx8KorLWKw,2024-03-13T08:36:33.901Z,ë¦¬ë´„ - REBOM,UCEibSKKTHddAAdsDLl6cqWQ,Nnx8KorLWKw,"['ë¦¬ë´„í•œë°©ë³‘ì›', 'ë„ìˆ˜ì¹˜ë£Œ', 'ë¼ˆì†Œë¦¬asmr', 'ì¶”ë‚˜ìš”ë²•', 'ê³µê°„ì²™ì¶”êµì •', 'ë¼ˆì†Œë¦¬', 'ë¼ˆì†Œë¦¬ASMR', 'ìœ„ì³3', 'ì‹œë¦¬', 'í”¼ì¹˜', 'ë””ì œì´í”¼ì¹˜']"
Watched My BOYFRIEND wants to be âœ¨betterâœ¨ at art than me?! LOL ğŸ’€â€¦ @mariusleqi  | JULIA GISELLA l AD,https://www.youtube.com/watch?v=1T5AgHItXB8,2024-03-13T08:35:30.332Z,JULIA GISELLA,UCCPsBYxLUykj5xbgOGTRzKQ,1T5AgHItXB8,"['art', 'challenge', 'satisfying', 'oddly satisfying', 'colouring', 'sketching', 'pencil art', 'drawing art pencil', 'art tutorial', 'easy art', 'easy sketches', 'easy sketches for beginners', 'boyfriend', 'girlfriend', 'satisfying art', 'drawing', 'painting', 'digital art', 'filter', 'julia gisella', 'arts', 'disney', 'realism', 'crush', 'how to draw', 'eyes', 'lips', 'anime', 'posca', 'markers', 'brother', 'sibling', 'twin sister', 'insane', 'honkai', 'impact', 'genshin', 'honkaistarrail']"
Watched Free Palestine ğŸ‡µğŸ‡¸,https://www.youtube.com/watch?v=nRnJc3YpT3Q,2024-03-13T08:34:19.594Z,Hamzah Saadah,UCMzw4_bJAwv1j5gUga6NPkQ,nRnJc3YpT3Q,
"Watched Good Cop, Bad Cop \\ Call Of Duty Modern Warfare 3 (2023) #shorts #gaming #callofduty",https://www.youtube.com/watch?v=ZMkoHu2Ez4c,2024-03-13T08:33:15.938Z,VileArcane,UC5nQ4IUHdshKO7hid-eJ74A,ZMkoHu2Ez4c,"['Ajohanunomunaime', 'VileArcane', 'Call Of Duty Modern Warfare 3 (2023)', 'Good Cop', 'Bad Cop \\\\ Call Of Duty Modern Warfare 3 (2023)']"
Watched Can you relate? ğŸ˜‚ Tag your introvert friends in the comments. Letâ€™s celebrate them! #shorts,https://www.youtube.com/watch?v=jAFXyjEBClg,2024-03-13T08:32:58.386Z,Sabaton,UCjQhd1APsd5NQhiVZV7GYzg,jAFXyjEBClg,"['sabaton', 'ÑĞ°Ğ±Ğ°Ñ‚Ğ¾Ğ½', 'heavy metal', 'metal']"
Watched The Hiroshima Bomb,https://www.youtube.com/watch?v=zdcatAP1fzM,2024-03-13T08:32:31.613Z,Hashem Al-Ghaili,UCfAInEvJMxEq_pCb9vehdCw,zdcatAP1fzM,"['Hiroshima', 'Oppenheimer', 'Physics', 'Research']"
Watched Macam macam gambar siswa SMP #sekolah #sekolahku (Source.@ndarukurniawan_suseno),https://www.youtube.com/watch?v=q1TbQI7oC14,2024-03-13T08:31:47.445Z,Kegiatan di sekolah,UCJ3jE4rA3FCKVF45JcVPqQg,q1TbQI7oC14,
Watched Anime characters who own songs ğŸ˜˜â¤ï¸â€ğŸ©¹ part-3 #anime #animeshorts,https://www.youtube.com/watch?v=4GHP4xfsTGI,2024-03-13T08:31:29.932Z,Yor_Forger,UC-p0OqIhxb76w-Z49Y1Y48g,4GHP4xfsTGI,
Watched Free Palestine ğŸ‡µğŸ‡¸,https://www.youtube.com/watch?v=57UfEqLwt7A,2024-03-13T08:30:39.989Z,Hamzah Saadah,UCMzw4_bJAwv1j5gUga6NPkQ,57UfEqLwt7A,
Watched Real Power of Newton's First Law  ğŸ˜¨ğŸ˜±| IIT Status #iitbombay #motivational #iitdelhi #physics #iit,https://www.youtube.com/watch?v=d0RSAg7aL2g,2024-03-13T08:30:22.492Z,Motivation Kind,UCRD7o1144KpUtc6Ka0uTt-g,d0RSAg7aL2g,"['iit', 'iit bombay', 'iit motivation', 'iit status', 'iit delhi', 'iit motivation status', 'iit roorkee', 'iit jee', 'iit madras', '#iit', 'iit-jee', 'iit kanpur', 'jee', 'jee main', 'jee mains', 'jee advanced', 'jee 2023', 'jee motivation', 'iit jee story', 'neet', 'neet motivation', 'how to crack neet', 'life after neet', 'neet 2023', 'mbbs', 'neet exam', 'aiims', 'aiims motivation', 'aiims delhi life', 'motivation', 'motivational speech', 'motivational', 'study motivation', 'esaral', 'pw', 'allen', 'unacademy', 'motion', 'apni kaksha', 'kota coaching', 'kota']"
Watched Marines Reacts To COD MW3 Most Realistic Mission ğŸª– #army #react #cod,https://www.youtube.com/watch?v=W1I7TYdAD1Y,2024-03-13T08:29:19.105Z,Wagon Military,UCpGEamdtwQz4Pyq0uiSFaUA,W1I7TYdAD1Y,
Watched Kepala ayam bisa sestabil itu yah ğŸ˜… #fotografi #kameradslr #jualbelikamera #ilhamcamera,https://www.youtube.com/watch?v=ZgYv5fU-6nw,2024-03-13T08:28:54.482Z,Ilham Camera,UCiaBzdIkCsMCchdosowrUzA,ZgYv5fU-6nw,
Watched í‘í™”âœ¨,https://www.youtube.com/watch?v=qRCnbMgDb6Q,2024-03-13T08:28:36.069Z,ì‹œë¡œ Siro,UCGJl3pgcw5cyeq_fRlvazmQ,qRCnbMgDb6Q,"['meme', 'cartoon', 'comic', 'Animation', 'ë¦¬ì¦ˆì‹œì ˆ', 'ê¹€ì‹¤ì¥ ë¦¬ì¦ˆì‹œì ˆ', 'ê·€ì¡±ì•„ì¬ ë¦¬ì¦ˆì‹œì ˆ', 'ì¹°íƒ€íˆ°', 'ì—¬ìš°ì•„ë¹ ì˜ ë¦¬ì¦ˆì‹œì ˆ', 'ë¦¬ì¦ˆì‹œì ˆë°ˆ', 'ë¦¬ì¦ˆì‹œì ˆ ê±”', 'Golden Days', 'é»„é‡‘æ™‚ä»£', 'ì„ ìƒë‹˜ì˜ ë¦¬ì¦ˆì‹œì ˆ', 'ëŠ¦ì ', 'oversleep', 'ë°±ìˆ˜ì˜ ë¦¬ì¦ˆì‹œì ˆ', 'ì¹´ë„¤í‚¤ í‘í™”', 'í‘í™”', 'ë„ì¿„êµ¬ìš¸']"
Watched ìš°ë¦¬ë“¤ì˜ ë¦¬ì¦ˆ(?)ì‹œì ˆ #shortsvideo #vtuber,https://www.youtube.com/watch?v=zczsmoWsJoE,2024-03-13T08:28:24.925Z,í•˜ë£¨í†  ã€ì‹¸ì´ì½”ë“œã€‘,UC0QDb4XkScbRzNNQWnIywjg,zczsmoWsJoE,"['shorts', 'vtuber', 'ë²„ì¸„ì–¼', 'ì‹¸ì´ì½”ë“œ', 'ë‚¨ìë²„ì¸„ì–¼', 'í•˜ë£¨í† ', 'tiktok', 'youtube shorts', '#ì‹¸ì´ì½”ë“œ', 'ì‹¸ì´ì½”ë“œ í•˜ë£¨í† ', 'ì‹¸ì´ì½”ë“œ ì œì´', 'ì‹¸ì´ì½”ë“œ ë£¨ì´ì¨˜', 'ì‹¸ì´ì½”ë“œ ëŠ¦ì ', 'ì‹¸ì´ì½”ë“œ ì—°ì´', 'ë³´ì»¬ë¡œì´ë“œ', 'vocaloid', 'ë²„ì¸„ì–¼ ìœ íŠœë²„', 'ë²„ì¸„ì–¼ ì•„ì´ëŒ', 'ë²„íŠœë²„', 'ì—°ì´', 'ìš”ë„¤ì¦ˆì¼„ì‹œ', 'shoto', 'ë…¸ë˜ì»¤ë²„', 'ëŠ¦ì ', 'íŠ¸ìœ„ì¹˜', 'ë£¨ì´ì¨˜', 'ë²„ì¸„ì–¼ ìŠ¤íŠ¸ë¦¬ë¨¸', 'ë©”íƒ€ë²„ìŠ¤', 'ë²„ì¶”ì–¼', 'BL', 'krë²„ì¸„ì–¼', 'krvtuber', 'ì œì´', 'ë²„ì¸„ì–¼ìœ íŠœë²„', 'ë²„ì¸„ì–¼ìŠ¤íŠ¸ë¦¬ë¨¸', 'ë§¤ìš´ë§›', 'ìŠ¤íŠ¸ë¦¬ë¨¸', 'ë ˆë³¼ë£¨ì…˜í•˜íŠ¸', '#shorts', '#vtuber', '#ë²„ì¸„ì–¼', '@vtuber', 'ë‹ˆì§€ì‚°ì§€', 'ë¡œë§¨ìŠ¤', 'oc', 'Original Content', 'ë¦¬ì¦ˆì‹œì ˆë°ˆ', 'ìš°ë¦¬ë“¤ì˜ ë¦¬ì¦ˆ(?)ì‹œì ˆ #shortsvideo #vtuber']"
Watched What Does Gasoline Do To Wasps? @TheUrbanRescueRanch,https://www.youtube.com/watch?v=tViMpOsgjZM,2024-03-13T08:27:42.957Z,The Urban Rescue Ranch Shorts,UC7Lb37hpLTSkYtIGqSo2mJQ,tViMpOsgjZM,
Watched Hocam bunlar gÃ¼nlÃ¼k hayatta ne iÅŸimize yarayacak?ğŸ«£ #midnightrunners #kdrama #koreklip,https://www.youtube.com/watch?v=_nDmAkG8gkg,2024-03-13T08:27:01.345Z,PÄ±RÄ±LTÄ±,UC6OoDI6hP46pJmbaraRYReg,_nDmAkG8gkg,
Watched Send this to someone youâ€™d go to a Sabaton show with! SING IT LOUD METALHEADS! ğŸ¤˜ #shorts,https://www.youtube.com/watch?v=GgW7QndNEas,2024-03-13T08:26:54.365Z,Sabaton,UCjQhd1APsd5NQhiVZV7GYzg,GgW7QndNEas,
Watched He turns disadvantages into advantagesğŸ”¥ | #animemoments #anime,https://www.youtube.com/watch?v=CvM2LJE3sVo,2024-03-13T08:26:09.217Z,AnimeCuts,UC1Gx4M-NRFawsT2BSdHkgfA,CvM2LJE3sVo,"['best anime moments', 'anime edit', 'best of anime', 'anime tiktok', 'fantasy anime', 'anime recommendations', 'anime to watch', 'top 10 anime', 'anime moments', 'anime', 'best anime', 'romance anime', 'best romance anime', 'top 10 romance anime', 'anime where the mc is loner', 'modern japan anime', 'anime shorts', 'badass anime moments', 'magic school', 'mashle:magic and muscles', 'mashle season 2', 'anime with op mc']"
Watched the biggest plot twist ğŸ˜±ğŸ”¥ | Alice in borderland | #shorts #aliceinborderland #status #foryou #fyp,https://www.youtube.com/watch?v=SkxXVsLMB0g,2024-03-13T08:25:22.098Z,Kdrama Vibes,UC762LVwv3LLuEtAvP_-tpfA,SkxXVsLMB0g,"['alice in borderland', 'alice in borderland season 2', 'alice in borderland netflix', 'alice in borderland reaction', 'alice in borderland trailer', 'alice in borderland anime', 'alice in borderland season 3', 'alice in borderland cast', 'netflix alice in borderland', 'alice in borderland explained', 'alice in borderland season 2 release date', 'alice in borderland manga', 'manga alice in borderland', 'alice in borderland recap', 'kento yamazaki alice in borderland', 'alice in borderland review']"
Watched She Is Motion Capture Actress,https://www.youtube.com/watch?v=hMACmco1gok,2024-03-13T08:24:46.719Z,DanDivi,UCyvnVaGPMrYZd3YccOntEIQ,hMACmco1gok,"['motion capture actress', 'best job in the world', 'teleport', 'viral', 'how does it work', 'best actor', 'actress', 'best actor in the world', 'insane job', 'animation', 'animated', 'anime', 'genshin impact', 'jinx']"
Watched Dance students encounter strange music in exams. ç”Ÿå¾’ãŒãƒ†ã‚¹ãƒˆã§å‡ºä¼šã†å¤‰ãªéŸ³æ¥½ã§ã™ #dance #training #train #ballet,https://www.youtube.com/watch?v=8A2Cp6vMNVw,2024-03-13T08:24:39.571Z,Angela,UCMe8oUHLhKPzuFojyok7gMQ,8A2Cp6vMNVw,
Watched He is not interested in girls #anime #animelover #animeedit,https://www.youtube.com/watch?v=Ku1shptylhc,2024-03-13T08:24:03.335Z,Darkness Sky ,UCvFt-il0o690rLYopWsY8lg,Ku1shptylhc,
Watched IQ100000 #motocycle #shorts,https://www.youtube.com/watch?v=MzFdw_rV4vA,2024-03-13T08:23:59.684Z,Ximei Jo,UC9dGCg6WNEXw9de0nksNPXQ,MzFdw_rV4vA,
Watched Can you guess this Sabaton song in 1 second? ğŸ¤” #guessthesong #guessthesongchallenge #shorts,https://www.youtube.com/watch?v=hudvyxdlNiM,2024-03-13T08:23:47.720Z,Sabaton,UCjQhd1APsd5NQhiVZV7GYzg,hudvyxdlNiM,"['sabaton', 'ÑĞ°Ğ±Ğ°Ñ‚Ğ¾Ğ½', 'heavy metal', 'metal']"
Watched Most SHOCKING Slow Mo Weâ€™ve Ever Seen!,https://www.youtube.com/watch?v=dVair8ka_tc,2024-03-13T08:22:59.571Z,How Ridiculous,UC5f5IV0Bf79YLp_p9nfInRA,dVair8ka_tc,"['how ridiculous', 'rexy', '44club']"
Watched La familia perfecta â¤ï¸âœ¨Spy x Family Season 2,https://www.youtube.com/watch?v=yAWnSYn_bGo,2024-03-13T08:22:38.525Z,MigueBlue7u7,UCMvIbpeysaaLSibcINzpTag,yAWnSYn_bGo,
Watched Cocok untuk judul tugas akhir jurusan Seni Elektro,https://www.youtube.com/watch?v=u7L7z8cb1SM,2024-03-13T08:22:05.069Z,Gideon Tulus,UCctYArYQCyQ7zW9-m_B_KEA,u7L7z8cb1SM,
Watched Follow for more interesting music videos.#pianoplayer #piano Piano Player: Victor Borge,https://www.youtube.com/watch?v=wU7I_lMqfgE,2024-03-13T08:21:19.115Z,Maryna Aksenov,UCfGAa7X3gpPCNxwfG2di66A,wU7I_lMqfgE,"['Piano', 'Pianoplayer']"
Watched TIM OCR INDONESIAğŸ‡®ğŸ‡© #sport #ocr #ninjawarrior #parkour #climbing #indonesia,https://www.youtube.com/watch?v=l6RvVOzYQ6U,2024-03-13T08:20:06.720Z,Putra waluya,UC_QecsIfXpGENDl0_iU62IQ,l6RvVOzYQ6U,
Watched Watch our Metalizer listening party! ğŸ¤˜ğŸ¶ Now available on our channel! #shorts #metalmusic,https://www.youtube.com/watch?v=GlO5Nnyi7OM,2024-03-13T08:17:39.680Z,Sabaton,UCjQhd1APsd5NQhiVZV7GYzg,GlO5Nnyi7OM,"['sabaton', 'ÑĞ°Ğ±Ğ°Ñ‚Ğ¾Ğ½', 'heavy metal', 'metal']"
Watched never trust your Best friend ğŸ˜‚â˜ ï¸#shorts #short #anime,https://www.youtube.com/watch?v=JvfropxTPyc,2024-03-13T08:17:14.086Z,CooL Boy2.1,UCo7np0vfqUPQSg5DmMyBkRQ,JvfropxTPyc,
Watched Genius Project Idea! ğŸ¤© @Wood_Mood,https://www.youtube.com/watch?v=H1uz6x810cs,2024-03-13T08:16:22.640Z,Global Avenue,UCQjc9m5apy-TnQRMyi2KI8w,H1uz6x810cs,
Watched PARACHUTER USES WARZONE TECHNIQUE IN REAL LIFE #shorts,https://www.youtube.com/watch?v=oLyNW27N2M0,2024-03-13T08:15:26.922Z,EvadEr,UCXXTUwUV-q33jD_oGg5roNQ,oLyNW27N2M0,"['shorts', 'call of duty warzone', 'call of duty warzone 2.0', 'warzone', 'warzone 2.0', 'viral', 'cod', 'cod warzone', 'cod warzone 2', 'warzone mobile', 'modern warfare 3', 'mw3', 'warzone 3', 'call of duty']"
Watched No way he didn't blush ğŸ˜ - Akane got thrown at Yamada - My Love Story with Yamada-kun #yamada #akane,https://www.youtube.com/watch?v=WjRduGa5Jp8,2024-03-13T08:14:50.402Z,Re:Play,UCW-Zmt170_rBi6NOVoZaJPg,WjRduGa5Jp8,
Watched Pianist Disguised as a Blind Man Witnesses Assassination. #shorts,https://www.youtube.com/watch?v=bpYKv9Ym4aY,2024-03-13T08:13:44.654Z,freedomcityfilm,UCUuO-uCH1e9nE1lYHl77p_Q,bpYKv9Ym4aY,"['movie', 'film', 'movierecaped', 'Fantasy', 'Science', 'Tabu', 'Ayushmann Khurrana', 'Radhika Apte']"
"Watched End Of Season.1âœ¨ W? She Killed Herself? No, Noooh.ğŸ˜­ #manga #manhwa #anime #shorts #reels #viral #amv",https://www.youtube.com/watch?v=20Ud-3FkjEU,2024-03-13T08:12:52.470Z,Spring ManhwağŸŒ¼,UC4_T6mltyCp1HFy6RLtw8Fw,20Ud-3FkjEU,"['manga', 'manhwa', 'manhua', 'webtoon', 'comic', 'anime', 'best manhwa recommendations', 'best anime recommendations', 'best webtoon recommendations', 'the problematic prince manhwa', 'bastian manhwa', 'adult manhwa', 'mature manhwa', 'historical manhwa', 'romantic manhwa', 'K-drama', 'new manhwa', 'completed manhwa', 'jujutsu kaisen season two', 'red flag male lead manhwa', 'gangster webtoon', 'how to satisfy the devil manhwa', 'I thought it was a time manhwa end of season one']"
Watched Jinshi-sama makeupğŸ˜³ #anime #animemoments,https://www.youtube.com/watch?v=d-awgAa-wlA,2024-03-13T08:12:14.940Z,ğ´ğ‘›ğ‘–ğ‘šğ‘’ ğ‘‘ğ‘ğ‘›ğ‘ğ‘’ ğ‘™ğ‘œğ‘£ğ‘’ğ‘Ÿ,UC3-rL1pTbDG45I61lLhb6Pw,d-awgAa-wlA,"['Kusuriya no Hitorigoto', 'The Apothecary Diaries', 'The apothecary diaries', 'MaoMao']"
Watched Classroom for Heroes - former hero Vs daughter of the demon kingğŸ”¥ #anime #animelover #animemoments,https://www.youtube.com/watch?v=O_WXExngorA,2024-03-13T08:11:26.014Z,Rilly,UCYEfLARr9rA4c_ZdPWY0xvA,O_WXExngorA,
Watched Finally he made her blushğŸ¤­â¤ [Jinshi and Maomao] - Apothecary diaries #animeedit #viral #fyp,https://www.youtube.com/watch?v=BjRWGhcgrSs,2024-03-13T08:11:00.158Z,Daarin Anime,UCVQsV9UdnvH443xXXFBHphQ,BjRWGhcgrSs,
Watched This song name is â€œPollkaâ€.You choose â€œORIGINALâ€ orâ€COVERâ€? #compare#music#foryou#viral,https://www.youtube.com/watch?v=r0Eq1Cw-TMs,2024-03-13T08:09:53.426Z,SarahJWaldron,UCtiy5c5kue-aBdc9WzSQooA,r0Eq1Cw-TMs,
Watched Semua episode Apotek di Dunia Lain [Takarir Indonesia],https://www.youtube.com/watch?v=lh8RPw3ccZo,2024-03-13T06:22:45.360Z,Muse ID Best Anime Collection,UCjcAfwNEjkXA352e2uMt5Jg,lh8RPw3ccZo,"['ç•°ä¸–ç•Œè–¬å±€', 'isekaiyakkyoku', 'Diomedea', 'apotek', 'apoteker', 'fantasi', 'kedokteran', 'ToyosakiAki', 'HondoKaede', 'ItouShizuka', 'Kadokawa', 'anime', 'muse', 'DiRumahAja']"
Watched Nice saveâ€¦ and NICE PUNCH ğŸ˜®â€ğŸ’¨â¤ï¸- Rin saves Izumo and punches Michael Gedoin - Blue Exorcist,https://www.youtube.com/watch?v=8xpagXcvh_o,2024-03-13T05:49:55.296Z,Re:Play,UCW-Zmt170_rBi6NOVoZaJPg,8xpagXcvh_o,
Watched 10 Levels of card shuffling #shorts #asmr #cardshuffling #cardshuffle #viralshort #viral_video,https://www.youtube.com/watch?v=Hmw5D19kLKo,2024-03-13T05:49:30.778Z,Silas Noyes,UCnbrqT13lFTJN9AU9obDGmQ,Hmw5D19kLKo,
Watched Funny anime moment from @Animeme_TV#worldconquestzvesdaplot,https://www.youtube.com/watch?v=M8SG-P2I8wY,2024-03-13T05:48:59.380Z,killer_fangs,UCIasrc7nuary_kesZWVbKrw,M8SG-P2I8wY,
Watched rock paper scissor gone wrong ğŸ˜ğŸ¤£#saitama #onepunchman #genos,https://www.youtube.com/watch?v=2XuKFp076kY,2024-03-13T05:48:24.546Z,Sweet X,UCEOjMpnt4R1FaKu19OycsxQ,2XuKFp076kY,"['saitama badass moments', 'anime top scenes', 'onepunch man best scenes', 'anime funny moments']"
Watched The apothecary diaries | Maomao blushing ~ The reason isnâ€™t poison #anime,https://www.youtube.com/watch?v=eIDGaFqizQQ,2024-03-13T05:47:53.468Z,Akira,UCWDffHNdG_v7sgUxMnBb-3w,eIDGaFqizQQ,"['Anime.anime edits', 'Edits', 'Ani e shorts', 'Shorts', 'Anime AMV', 'AMV', 'The apothecary diaries', 'Jinshi', 'Maomao']"
Watched His rizz doesn't work on herğŸ¤£ğŸ¤£- Apothecary diaries #shorts #animefunny #viral #fyp,https://www.youtube.com/watch?v=fH0jZGu9c3A,2024-03-13T05:47:23.626Z,Daarin Anime,UCVQsV9UdnvH443xXXFBHphQ,fH0jZGu9c3A,
Watched MaoMao and Jinshiâ¤ğŸ˜š - Apothecary diaries #animeedit #viral #fyp,https://www.youtube.com/watch?v=nPkdDn4sM8w,2024-03-13T05:10:02.690Z,Daarin Anime,UCVQsV9UdnvH443xXXFBHphQ,nPkdDn4sM8w,
Watched He's so in love with herğŸ¤­ğŸ˜‚â¤[Maomao and Jinshi] - Apothecary diaries #animeedit #viral #fyp,https://www.youtube.com/watch?v=s94bKqc6ebk,2024-03-13T04:01:23.188Z,Daarin Anime,UCVQsV9UdnvH443xXXFBHphQ,s94bKqc6ebk,
Watched anime badass moment ğŸ”¥ğŸ”¥ğŸ”¥,https://www.youtube.com/watch?v=N30dfSWT3JI,2024-03-13T04:00:33.907Z,AniMemes,UCSU8LNeexkP8V2E31F0wBGQ,N30dfSWT3JI,
Watched They reanimated this scene !!!! || the apothecary diaries || #anime #capcut #4k #maomao,https://www.youtube.com/watch?v=Sd8g1bgV6w8,2024-03-13T04:00:17.441Z,Nesho_,UCjfwn5T090Bbtkqn8ZtX2kA,Sd8g1bgV6w8,
Watched Sahur Kalian!!!,https://www.youtube.com/watch?v=u-bjk6jG-yk,2024-03-12T20:37:09.191Z,ShinMei,UCahetHoMuR0j0EKLogexCIg,u-bjk6jG-yk,
"Watched Sosok Indra, Brimob Gadungan Nekat Menyelinap Tidur dan Ikut Latihan Selama Sebulan di Mako Brimob",https://www.youtube.com/watch?v=Lujf9erI1Fc,2024-03-12T20:34:15.029Z,Tribun Sumsel,UCT5H_ppXrhC7SFurhrezJKw,Lujf9erI1Fc,"['Palembang', 'Sumatera Selatan', 'Berita palembang', 'Berita Sumsel', 'Brimob Gadungan', 'sebulan tidur di brimob', 'Indra Hikmal Adam', 'Indra Brimob Gadungan', 'Batalyon B Resimem III Pelopor Mako Korbrimob', 'oknum brimob', 'sebulan latihan di brimob', 'Indra oknum Brimob']"
Watched ã€Šæœ€å¼±é­”ç‰©ä½¿é–‹å§‹äº†æ’¿åƒåœ¾ä¹‹æ—…ã€‚ã€‹#8 (ç¹ä¸­å­—å¹• | æ—¥èªåŸè²)ã€Ani-One Asiaã€‘,https://www.youtube.com/watch?v=q41oH3FAuhY,2024-03-12T20:34:01.578Z,Ani-One Asia,UC0wNSTMWIL3qaorLx0jie6A,q41oH3FAuhY,"['ani-one', 'anime', 'animation', 'æ—¥æœ¬å‹•æ¼«', 'æ—¥æœ¬', 'æ—¥èªåŸè²', 'æ—¥èª', 'ç¹é«”ä¸­æ–‡', 'ä¸­æ–‡', 'ä¸­æ–‡å­—å¹•', 'ç·šä¸Šçœ‹', 'å‹•æ¼«']"
Watched Berkemah Saat Hujan Deras - Bermalam Di Rumah Plastik Lama Diguyur Hujan Lebat Sampai Pagi,https://www.youtube.com/watch?v=dPnjAHj5mHc,2024-03-12T20:32:57.613Z,Laman Kebontan,UCqwSKuS18YSisKWVloX3YyQ,dPnjAHj5mHc,"['Camping', 'Camping hujan deras', 'bermalam saat hujan deras', 'solo camping', 'solo camping hujan deras', 'camping life', 'survival', 'bermalam dalam hutan', 'berkemah hujan deras', 'laman kebontan']"
Watched Frieren: Beyond Journey's End - Episode 25 [Takarir Indonesia],https://www.youtube.com/watch?v=ao0acMuEE34,2024-03-12T20:03:40.143Z,Muse Indonesia,UCxxnxya_32jcKj4yN1_kD7A,ao0acMuEE34,"['ãƒ•ãƒªãƒ¼ãƒ¬ãƒ³', 'frieren', 'Fantasy', 'Drama', 'yoasobi', 'tanezukiatsumi', 'muse', 'toho', 'Streaming', 'DiRumahAja']"
Watched Frieren: Beyond Journey's End - Episode 23 [Takarir Indonesia],https://www.youtube.com/watch?v=lqMmFp9497g,2024-03-12T19:45:02.296Z,Muse Indonesia,UCxxnxya_32jcKj4yN1_kD7A,lqMmFp9497g,"['ãƒ•ãƒªãƒ¼ãƒ¬ãƒ³', 'frieren', 'Fantasy', 'Drama', 'yoasobi', 'tanezukiatsumi', 'muse', 'toho', 'Streaming', 'DiRumahAja']"
Watched Puncak dari Segala PuncakğŸ”¥Madhouse Lagi Masak ğŸ”¥ - Reaction Sousou no Frieren Episode 22-26,https://www.youtube.com/watch?v=8Pvt8ylQQEU,2024-03-12T19:33:23.292Z,Megane Sensei,UC6Yoq_MyO8-nkrvCj7USqzw,8Pvt8ylQQEU,"['Overlord', 'Detail Kecil', 'Megane Sensei', 'Yoasobi', 'Frieren', 'Sousou no Frieren', 'Frieren Opening', 'Frieren Ending', 'Stark', 'Fren', 'Native Isekai']"
Watched [2024â™¨ï¸] Cuplikan Black Butler: Babak Sekolah Asrama,https://www.youtube.com/watch?v=i4PymSmyB6Q,2024-03-12T18:59:10.847Z,Muse Indonesia,UCxxnxya_32jcKj4yN1_kD7A,i4PymSmyB6Q,"['é»’åŸ·äº‹', 'kuroshitsuji', 'ciel', 'sebastian', 'phantomhive', 'blackbutler', 'fantasi', 'drama', 'daisukeono', 'maayasakamoto', 'aniplex', 'muse', 'Anime', 'Gratis', 'DiRumahAja']"
Watched ã€æ—¥æœ¬èªã€‘ã‚¢ãƒ‹ãƒ¡ã«ã¤ã„ã¦è©±ãã†ï¼ï¼(Japanese Stream) #shorts,https://www.youtube.com/watch?v=n7ZpcOSkisU,2024-03-12T14:40:27.895Z,Mori Calliope Ch. hololive-EN,UCL_qhgtOy0dy1Agp8vkySQg,n7ZpcOSkisU,"['ãƒ›ãƒ­ãƒ©ã‚¤ãƒ–', 'hololive', 'ãƒ›ãƒ­ãƒ©ã‚¤ãƒ–ãƒ—ãƒ­ãƒ€ã‚¯ã‚·ãƒ§ãƒ³', 'hololive production', 'ãƒ›ãƒ­ãƒ—ãƒ­', 'Mori', 'Calliope', 'ã‚«ãƒªã‚ªãƒš', 'hololive English', 'holoEN', 'hololive Myth', 'holoMyth']"
Watched ã€ORIGINAL SONG MVã€‘ã€ŒQã€- Calliope Mori x Gawr Gura x DECO*27,https://www.youtube.com/watch?v=aetXqd9B8WE,2024-03-12T14:36:57.694Z,Mori Calliope Ch. hololive-EN,UCL_qhgtOy0dy1Agp8vkySQg,aetXqd9B8WE,"['ãƒ›ãƒ­ãƒ©ã‚¤ãƒ–', 'hololive', 'ãƒ›ãƒ­ãƒ©ã‚¤ãƒ–ãƒ—ãƒ­ãƒ€ã‚¯ã‚·ãƒ§ãƒ³', 'hololive production', 'ãƒ›ãƒ­ãƒ—ãƒ­', 'Mori', 'Calliope', 'ã‚«ãƒªã‚ªãƒš', 'hololive English', 'holoEN', 'hololive Myth', 'holoMyth']"
Watched KING / Gawr Gura x Calliope Mori (Cover),https://www.youtube.com/watch?v=qNIhngowViI,2024-03-12T14:35:26.733Z,Gawr Gura Ch. hololive-EN,UCoSrY_IQQVpmIRZ9Xf-y93g,qNIhngowViI,"['ãƒ›ãƒ­ãƒ©ã‚¤ãƒ–', 'hololive', 'ãƒ›ãƒ­ãƒ©ã‚¤ãƒ–ãƒ—ãƒ­ãƒ€ã‚¯ã‚·ãƒ§ãƒ³', 'hololive production', 'ãƒ›ãƒ­ãƒ—ãƒ­', 'Gawr', 'Gura', 'ãŒã†ã‚‹', 'ãã‚‰', 'hololive English', 'holoEN', 'hololive Myth', 'holoMyth']"
Watched SABATON - Dreadnought (Official Lyric Video),https://www.youtube.com/watch?v=RJK0jhymE5A,2024-03-12T14:34:55.346Z,Sabaton,UCjQhd1APsd5NQhiVZV7GYzg,RJK0jhymE5A,"['sabaton', 'ÑĞ°Ğ±Ğ°Ñ‚Ğ¾Ğ½', 'heavy metal', 'metal', 'sabaton dreadnought', 'sabaton dreadnought lyrics', 'sabaton dreadnought lyric video', 'dreadnought', 'dreadnought lyrics', 'sabaton the war to end all wars', 'sabaton the war to end all wars album', 'sabaton the war to end all wars full album', 'sabaton the war to end all wars lyrics', 'the war to end all wars lyric video', 'lyrics', 'sabaton lyrics', 'dreadnought battleship', 'dreadnought world war 1']"
Watched SABATON - Defence Of Moscow (Official Music Video),https://www.youtube.com/watch?v=9TjXanLjpTU,2024-03-12T14:30:37.591Z,Sabaton,UCjQhd1APsd5NQhiVZV7GYzg,9TjXanLjpTU,"['sabaton', 'ÑĞ°Ğ±Ğ°Ñ‚Ğ¾Ğ½', 'heavy metal', 'metal', 'defence of moscow', 'defense of moscow', 'cover', 'sabaton cover', 'radio tapok', 'radio tapok defence of moscow', 'sabaton radio tapok', 'radio tapok sabaton', 'defence of moscow music video', 'defense of moscow music video', 'sabaton defence', 'sabaton defense', 'sabaton defence of moscow', 'sabaton defense of moscow', 'great war']"
Watched SABATON - 40:1 (Official Lyric Video),https://www.youtube.com/watch?v=rDayiYQNRV4,2024-03-12T14:27:43.612Z,Sabaton,UCjQhd1APsd5NQhiVZV7GYzg,rDayiYQNRV4,"['sabaton', 'ÑĞ°Ğ±Ğ°Ñ‚Ğ¾Ğ½', 'heavy metal', 'metal', 'sabaton 40 to 1', 'sabaton 40 to 1 lyrics', 'sabaton 40-1', 'sabaton 40 to 1 music video', 'sabaton 40-1 lyrics', '40-1 sabaton', 'sabaton 40', 'battle of wizna', 'sabaton battle of wizna', 'wizna 1939', 'wizna sabaton', '40:1 lyrics', '40:1 lyric video', 'sabaton lyrics 40 1', 'sabaton the art of war full album', 'sabaton the art of war lyrics', 'sabaton the art of war album', 'sabaton the art of war']"
Watched SABATON - Rorke's Drift (Official Lyric Video),https://www.youtube.com/watch?v=emKPydpF7Aw,2024-03-12T14:24:58.420Z,Sabaton,UCjQhd1APsd5NQhiVZV7GYzg,emKPydpF7Aw,"['sabaton', ""sabaton rorke's drift"", ""sabaton rorke's drift lyrics"", ""sabaton rorke's drift live"", ""sabaton rorke's drift lyric video"", ""rorker's drift lyric video"", ""sabaton rorke's drift amv"", ""rorke's drift song"", ""rorke's drift sabaton"", ""rorke's drift sabaton lyrics"", ""rorke's drift sabaton live"", 'battle of rorke drift', ""battle of rorke's drift sabaton"", ""battle of rorke's drift song"", 'sabaton the last stand full album', 'sabaton the last stand playlist']"
Watched SABATON -  The Lost Battalion   (OFFICIAL LYRIC VIDEO),https://www.youtube.com/watch?v=7jTgkTEDDog,2024-03-12T14:20:54.110Z,Nuclear Blast Records,UCoxg3Kml41wE3IPq-PC-LQw,7jTgkTEDDog,"['sabaton', 'new sabaton album', 'sabaton 2014', 'swedish empire', 'nuclear blast', 'power metal', 'joakim broden', 'sabaton drums', 'Nuclear Blast (Organization)', 'metal', 'abyss studio', 'Peter TÃ¤gtgren (Record Producer)', 'nightwitches', 'regiment 588', 'night witches', 'heroes on tour', 'sabaton full album', 'sabaton live', 'Resist and Bite', 'swedish pagans', 'panzerkampf', 'carolus rex', 'rockavaria', 'rock im revier', 'sabaton tour', 'the last stand', 'sabaton the last stand full album', 'the last stand full album']"
Watched SABATON - The Last Stand (Official Music Video),https://www.youtube.com/watch?v=i9BupglHdtM,2024-03-12T14:15:35.834Z,Sabaton,UCjQhd1APsd5NQhiVZV7GYzg,i9BupglHdtM,"['last stand', 'the last stand', 'the last stand official music video', 'sabaton music', 'sabaton official', 'sack of rome', 'stand of the swiss guard', 'heavy metal', 'sabaton album', 'sabaton 2017', 'sabaton 2018', 'power metal', ""castel sant'angelo"", 'ÑĞ°Ğ±Ğ°Ñ‚Ğ¾Ğ½', 'sabaton music video', 'sabaton the last stand', 'sabaton the last stand music video', 'sabaton', 'Joakim BrodÃ©n', 'rome 1527', 'the last stand lyrics', 'sabaton the last stand live', 'the last stand lyrics sabaton', 'sabaton last stand', 'the last stand sabaton']"
Watched SABATON - Primo Victoria (Official Lyric Video),https://www.youtube.com/watch?v=KVxTJ9Xb9Ec,2024-03-12T14:11:17.141Z,Sabaton,UCjQhd1APsd5NQhiVZV7GYzg,KVxTJ9Xb9Ec,"['sabaton', 'ÑĞ°Ğ±Ğ°Ñ‚Ğ¾Ğ½', 'heavy metal', 'metal', 'primo victoria sabaton', 'primo victoria lyrics', 'sabaton primo victoria lyrics', 'sabaton primo victoria full album', 'sabaton primo victoria album', 'sabaton primo victoria music video', 'sabaton d-day', 'sabaton d-day song', 'sabaton d day lyrics', 'sabaton primo victoria d-day', 'primo victoria album', 'primo victoria full album', 'primo victoria lyric videos', 'sabaton lyrics', 'sabaton lyric video']"
Watched SABATON - The Attack of the Dead Men (Official Lyric Video),https://www.youtube.com/watch?v=-AFdwoyNT24,2024-03-12T14:06:56.890Z,Sabaton,UCjQhd1APsd5NQhiVZV7GYzg,-AFdwoyNT24,"['sabaton', 'ÑĞ°Ğ±Ğ°Ñ‚Ğ¾Ğ½', 'heavy metal', 'sabaton the attack of the dead man', 'sabaton the attack of the dead men', 'sabaton the attack of the dead man lyrics', 'sabaton the attack of the dead man official video', 'sabaton the attack of the dead man music video', 'the attack of the dead men lyrics', 'the attack of the dead men sabaton', 'sabaton the great war album', 'sabaton great war album', 'sabaton great war full album', 'sabaton the great war full album', 'sabaton the great war history edition full album']"
Watched SABATON - The Unkillable Soldier (Official Lyric Video),https://www.youtube.com/watch?v=usrFCZpRwGo,2024-03-12T14:02:43.287Z,Sabaton,UCjQhd1APsd5NQhiVZV7GYzg,usrFCZpRwGo,"['sabaton', 'metal', 'the unkillable soldier', 'lyrics', 'sabaton unkillable soldier lyrics', 'sabaton the unkillable soldier', 'sir adrian carton de wiart', 'sir adrian carton de wiart injuries', 'sir adrian carton de wiart cause of death', 'sir adrian carton de wiart movie', 'sir adrian carton de wiart wars', 'the man who could not be killed', 'adrian carton de wiart', 'adrian carton de wiart simple history', 'adrian carton de wiart death', 'lyric video', 'sabaton the unkillable soldier lyrics']"
Watched SABATON - The Last Battle (Official Lyric Video),https://www.youtube.com/watch?v=BwfJsKfCnaM,2024-03-12T13:59:26.961Z,Sabaton,UCjQhd1APsd5NQhiVZV7GYzg,BwfJsKfCnaM,"['sabaton', 'sabaton the last battle', 'the last battle lyrics', 'sabaton the last battle live', 'the last battle sabaton live', 'sabaton the last battle lyric video', 'sabaton the last battle official', 'the last battle lyric video sabaton', 'power metal', 'heavy metal', 'sabaton the last stand album', 'sabaton the last stand playlist', 'sabaton the last stand album playlist', 'sabaton the last battle star wars', 'ÑĞ°Ğ±Ğ°Ñ‚Ğ¾Ğ½', 'battle for castle itter', 'sabaton castle itter', 'sabaton the last stand full album']"
Watched SABATON - Winged Hussars (Official Lyric Video),https://www.youtube.com/watch?v=rcYhYO02f98,2024-03-12T13:53:29.886Z,Sabaton,UCjQhd1APsd5NQhiVZV7GYzg,rcYhYO02f98,"['sabaton', 'polish hussars', 'winged hussars', 'winged hussars live', 'winged hussars lyrics', 'winged hussars lyric video', 'winged hussars charge', 'winged hussars cover', 'sabaton winged hussars official video', 'sabaton winged hussars cover', 'sabaton winged hussars', 'sabaton the last stand album', 'polish hussar song', 'polish hussars music', 'polish hussars tribute', 'polish hussars hoi4', 'sabaton the last stand album playlist', 'sabaton the last stand playlist', 'sabaton the last stand full album']"
Watched SABATON - Night Witches (OFFICIAL LYRIC VIDEO),https://www.youtube.com/watch?v=C7NSUFDHFgg,2024-03-12T13:49:48.224Z,Nuclear Blast Records,UCoxg3Kml41wE3IPq-PC-LQw,C7NSUFDHFgg,"['sabaton', 'new sabaton album', 'sabaton 2014', 'swedish empire', 'nuclear blast', 'power metal', 'joakim broden', 'sabaton drums', 'Nuclear Blast (Organization)', 'metal', 'abyss studio', 'Peter TÃ¤gtgren (Record Producer)', 'nightwitches', 'regiment 588', 'night witches', 'chris huszar', 'david havlena', 'sabaton tour']"
Watched SABATON - Shiroyama  (OFFICIAL LYRIC VIDEO),https://www.youtube.com/watch?v=Ylyqoxh-cXk,2024-03-12T13:45:59.241Z,Nuclear Blast Records,UCoxg3Kml41wE3IPq-PC-LQw,Ylyqoxh-cXk,"['sabaton', 'new sabaton album', 'sabaton 2014', 'swedish empire', 'nuclear blast', 'power metal', 'joakim broden', 'sabaton drums', 'Nuclear Blast (Organization)', 'metal', 'abyss studio', 'Peter TÃ¤gtgren (Record Producer)', 'nightwitches', 'regiment 588', 'night witches', 'heroes on tour', 'sabaton full album', 'sabaton live', 'Resist and Bite', 'swedish pagans', 'panzerkampf', 'carolus rex', 'sabaton tour', 'the last stand', 'sabaton the last stand full album', 'the last stand full album', 'shiroyama', 'hard media']"
Watched SABATON - Resist And Bite (OFFICIAL LYRIC VIDEO),https://www.youtube.com/watch?v=iGtEH1i78sI,2024-03-12T13:42:17.596Z,Nuclear Blast Records,UCoxg3Kml41wE3IPq-PC-LQw,iGtEH1i78sI,"['sabaton', 'new sabaton album', 'sabaton 2014', 'swedish empire', 'nuclear blast', 'power metal', 'joakim broden', 'sabaton drums', 'Nuclear Blast (Organization)', 'metal', 'abyss studio', 'Peter TÃ¤gtgren (Record Producer)', 'chris huszar', 'david havlena', 'sabaton tour 2015', 'sabaton tour']"
Watched miletã€ŒAnytime Anywhereã€Ã—ã€Œè‘¬é€ã®ãƒ•ãƒªãƒ¼ãƒ¬ãƒ³ã€SPECIAL MUSIC VIDEOï¼ãƒ•ãƒªãƒ¼ãƒ¬ãƒ³EDãƒ†ãƒ¼ãƒã‚¢ãƒ‹ãƒ¡MV,https://www.youtube.com/watch?v=lv5R6C3hz54,2024-03-12T13:39:46.279Z,TOHO animation ãƒãƒ£ãƒ³ãƒãƒ«,UC14Yc2Qv92DMuyNRlHvpo2Q,lv5R6C3hz54,"['ã‚¢ãƒ‹ãƒ¡', 'anime', 'è‘¬é€ã®ãƒ•ãƒªãƒ¼ãƒ¬ãƒ³', 'ãƒ•ãƒªãƒ¼ãƒ¬ãƒ³', 'Frieren', 'é€±åˆŠå°‘å¹´ã‚µãƒ³ãƒ‡ãƒ¼', 'ç¨®ï¨‘æ•¦ç¾', 'ãƒ•ã‚¡ãƒ³ã‚¿ã‚¸ãƒ¼', 'é­”æ³•', 'é­”æ³•ä½¿ã„', 'ãƒ’ãƒ³ãƒ¡ãƒ«', 'ãƒã‚¤ã‚¿ãƒ¼', 'ã‚¢ã‚¤ã‚¼ãƒ³', 'ãƒ•ã‚§ãƒ«ãƒ³', 'ã‚·ãƒ¥ã‚¿ãƒ«ã‚¯', 'åæ¢åµã‚³ãƒŠãƒ³', 'ã¼ã£ã¡ãƒ»ã–ãƒ»ã‚ã£ã', 'SPYÃ—FAMILY', 'ã‚¹ãƒ‘ã‚¤ãƒ•ã‚¡ãƒŸãƒªãƒ¼', ""Frieren: Beyond Journey's End"", 'animation', 'TVã‚¢ãƒ‹ãƒ¡', 'sosonofrieren', 'sohsohnofrieren', 'sousounofrieren', 'ãƒãƒƒãƒ‰ãƒã‚¦ã‚¹', 'ã¼ã£ã¡ã–ã‚ã£ã', 'ACCA', 'ãƒ´ã‚¡ã‚¤ã‚ªãƒ¬ãƒƒãƒˆã‚¨ãƒ´ã‚¡â€•ã‚¬ãƒ¼ãƒ‡ãƒ³', 'éŒå€‰æ®¿ã®13äºº', 'å²¡æœ¬ä¿¡å½¦', 'æ±åœ°å®æ¨¹', 'ä¸Šç”°ç‡¿å¸', 'æ—¥æœ¬ãƒ†ãƒ¬ãƒ“', 'é‡‘æ›œãƒ­ãƒ¼ãƒ‰ã‚·ãƒ§ãƒ¼', 'é‡‘ãƒ­ãƒ¼', 'è–¬å±‹ã®ã²ã¨ã‚Šã”ã¨', 'å¸‚ãƒç€¬åŠ é‚£', 'å°æ—åƒæ™ƒ', 'å£°å„ª', 'yoasobi', 'milet', 'ã‚³ãƒŠãƒ³', 'toho', 'tohoanimation']"
Watched Zoltraak,https://www.youtube.com/watch?v=7S3eJG-8v_E,2024-03-12T13:37:24.515Z,Evan Call - Topic,UCu4AV2t-2M9BGY07qyyFxgw,7S3eJG-8v_E,"['Evan Call', 'TVã‚¢ãƒ‹ãƒ¡ã€è‘¬é€ã®ãƒ•ãƒªãƒ¼ãƒ¬ãƒ³ã€Original Soundtrackã€œPre-releaseã€œ', 'Zoltraak']"
Watched ã€è–¬å±‹ã®ã²ã¨ã‚Šã”ã¨ã€ãƒãƒ³ã‚¯ãƒ¬ã‚¸ãƒƒãƒˆOPï¼šç·‘é»„è‰²ç¤¾ä¼šã€èŠ±ã«ãªã£ã¦ã€ã€æ¯é€±åœŸæ›œ24ï¼š55ï½ æ—¥æœ¬ãƒ†ãƒ¬ãƒ“ç³»ã«ã¦å…¨å›½æ”¾é€ä¸­ï¼ ã€‘,https://www.youtube.com/watch?v=z9JZB08qy44,2024-03-12T13:35:46.841Z,TOHO animation ãƒãƒ£ãƒ³ãƒãƒ«,UC14Yc2Qv92DMuyNRlHvpo2Q,z9JZB08qy44,"['æ±å®', 'TOHO', 'anime', 'å…¬å¼', 'ã‚ªãƒ•ã‚£ã‚·ãƒ£ãƒ«', 'ã‚¢ãƒ‹ãƒ¡', 'Entertainment', 'é…çµ¦', 'å®£ä¼', 'ã‚­ãƒ£ãƒ©ã‚¯ã‚¿ãƒ¼', 'å£°å„ª']"
Watched ã€è’æœ¨å“²éƒÃ—SawanoHiroyuki[nZk]ï¼šHata Motohiroã€‘ã€COLORsã€ï¼TOHO animation ãƒŸãƒ¥ãƒ¼ã‚¸ãƒƒã‚¯ãƒ•ã‚£ãƒ«ãƒ ã‚º,https://www.youtube.com/watch?v=yYAgBRO-aT8,2024-03-12T13:29:32.456Z,TOHO animation ãƒãƒ£ãƒ³ãƒãƒ«,UC14Yc2Qv92DMuyNRlHvpo2Q,yYAgBRO-aT8,"['æ±å®', 'tohoanimation', 'MV', 'PV', 'éŸ³æ¥½', 'anime', 'musicvideo', 'è’æœ¨å“²éƒ', 'SawanoHiroyuki[nZk]ï¼šHata Motohiro', 'æ¾¤é‡å¼˜ä¹‹', 'ç§¦åŸºåš', 'é€²æ’ƒã®å·¨äºº']"
Watched Sahur Kalian!!!,https://www.youtube.com/watch?v=jk3qJFBzAB8,2024-03-12T12:40:34.040Z,ShinMei,UCahetHoMuR0j0EKLogexCIg,jk3qJFBzAB8,
Watched Frieren OST â€” Zoltraak Extended,https://www.youtube.com/watch?v=KsvGsFDQaP4,2024-03-12T09:04:43.484Z,TheDarkJase,UCC4IrnnT3PAdROAGEDxpXuw,KsvGsFDQaP4,
Watched Sousou no Frieren - Zoltraak For 1 Hour,https://www.youtube.com/watch?v=b-x9ZxdsJfQ,2024-03-12T07:43:24.344Z,Apollonomelody,UC06h2n_lZb30_TscWPA1tWA,b-x9ZxdsJfQ,"['Sousou no Frieren ost', 'Sousou no Frieren ost frieren slayer', 'frieren the slayer ost', 'ost frieren the slayer', 'Sousou no Frieren', 'anime ost', 'Fern The Apprentice ost', 'ost Fern The Apprentice', 'Sousou no Frieren Fern The Apprentice', 'Zoltraak ost', 'frireren ost zolteaak', 'Zoltraak', 'zoltraak 1 hour', 'zoltraak ost 1 hour', 'fern the apprentive for 1 hour', 'zoltraak for 1 hour', 'frieren ost 1 hour']"
Watched MAN WITH A MISSIONÃ—miletã€Œçµ†ãƒå¥‡è·¡ã€Music Video,https://www.youtube.com/watch?v=Jb6Zlg30rgk,2024-03-12T07:38:22.631Z,mwamjapan,UCy21ToKvBD45wUPaSLkr5NQ,Jb6Zlg30rgk,"['MANWITHAMISSION', 'MWAM', 'ãƒãƒ³ã‚¦ã‚£ã‚º', 'ç‹¼', 'Raiseyourflag', 'DarkCrow', 'Rememberme', 'database', '10FEET', 'FLYAGAIN', 'Jeankenjohnny', 'TokyoTanaka', 'KamikazeBoy', 'Jean-Ken Johnny', 'DJSantaMonica', 'SpearRib', 'milet', 'ãƒŸãƒ¬ã‚¤', 'é¬¼æ»…ã®åˆƒ', 'é¬¼æ»…', 'Kimetsu', 'Demon Slayer', 'ê·€ë©¸ì˜ ì¹¼ë‚ ', 'ê·€ì¹¼']"
Watched YOASOBIã€Œç¥ç¦ã€Official Music Video (ã€æ©Ÿå‹•æˆ¦å£«ã‚¬ãƒ³ãƒ€ãƒ  æ°´æ˜Ÿã®é­”å¥³ã€ã‚ªãƒ¼ãƒ—ãƒ‹ãƒ³ã‚°ãƒ†ãƒ¼ãƒ),https://www.youtube.com/watch?v=3eytpBOkOFA,2024-03-12T07:35:56.658Z,Ayase / YOASOBI,UCvpredjG93ifbCP1Y77JyFA,3eytpBOkOFA,
Watched The Apothecary Diaries Opening Full - Hana ni Natte (èŠ±ã«ãªã£ã¦) by Ryokuoushoku Shakai,https://www.youtube.com/watch?v=4Spirny-NYI,2024-03-12T07:33:36.124Z,MelodyHype - Anime Music Channel,UCc3JMneyZrxizM5yW0INsAA,4Spirny-NYI,
Watched Kenapa Dyland PROS Kehilangan Banyak Viewers Nya?,https://www.youtube.com/watch?v=0YAhR7mqfNI,2024-03-11T15:55:43.554Z,Duzzle,UCL74Lk3Aa7oaf8zD2ZRpTsQ,0YAhR7mqfNI,"['duzzle', 'adam', 'cara sukses di youtube', 'analisis channel youtube', 'strategi youtube', 'bedah channel', 'bedah channel duzzle', 'review channel indonesia', 'youtuber pemula', 'sejarah dyland pros', 'kenapa dyland pros sukses di youtube', 'analisis channel dyland pros', 'dyland pros', 'bedah channel dyland pros', 'kenapa dyland pros sepi', 'kenapa dyland pros pensi']"
Watched ã€è–¬å±‹ã®ã²ã¨ã‚Šã”ã¨ã€ãƒãƒ³ã‚¯ãƒ¬ã‚¸ãƒƒãƒˆOPï¼šç·‘é»„è‰²ç¤¾ä¼šã€èŠ±ã«ãªã£ã¦ã€ã€æ¯é€±åœŸæ›œ24ï¼š55ï½ æ—¥æœ¬ãƒ†ãƒ¬ãƒ“ç³»ã«ã¦å…¨å›½æ”¾é€ä¸­ï¼ ã€‘,https://www.youtube.com/watch?v=z9JZB08qy44,2024-03-11T13:19:57.943Z,TOHO animation ãƒãƒ£ãƒ³ãƒãƒ«,UC14Yc2Qv92DMuyNRlHvpo2Q,z9JZB08qy44,"['æ±å®', 'TOHO', 'anime', 'å…¬å¼', 'ã‚ªãƒ•ã‚£ã‚·ãƒ£ãƒ«', 'ã‚¢ãƒ‹ãƒ¡', 'Entertainment', 'é…çµ¦', 'å®£ä¼', 'ã‚­ãƒ£ãƒ©ã‚¯ã‚¿ãƒ¼', 'å£°å„ª']"
Watched ã€Œã“ã‚Œã€æ¯’ã§ã™ã€ï¼ã€è–¬å±‹ã®ã²ã¨ã‚Šã”ã¨ã€ç¬¬6è©±ã‚ˆã‚Šã€€#shorts,https://www.youtube.com/watch?v=RsPDOI-K-1A,2024-03-11T13:16:55.832Z,TOHO animation ãƒãƒ£ãƒ³ãƒãƒ«,UC14Yc2Qv92DMuyNRlHvpo2Q,RsPDOI-K-1A,"['æ±å®', 'TOHO', 'anime', 'å…¬å¼', 'ã‚ªãƒ•ã‚£ã‚·ãƒ£ãƒ«', 'ã‚¢ãƒ‹ãƒ¡', 'Entertainment', 'é…çµ¦', 'å®£ä¼', 'ã‚­ãƒ£ãƒ©ã‚¯ã‚¿ãƒ¼', 'å£°å„ª']"
Watched The Apothecary Diaries Opening Full - Hana ni Natte (èŠ±ã«ãªã£ã¦) by Ryokuoushoku Shakai,https://www.youtube.com/watch?v=4Spirny-NYI,2024-03-11T09:44:38.676Z,MelodyHype - Anime Music Channel,UCc3JMneyZrxizM5yW0INsAA,4Spirny-NYI,
Watched Bismarck Zwei #Azurlane #ã‚¢ã‚ºãƒ¼ãƒ«ãƒ¬ãƒ¼ãƒ³ #Bismarck #Sabaton #BismarckZwei,https://www.youtube.com/watch?v=0JQkebNchmw,2024-03-11T09:24:48.748Z,Ryuma Brunestud,UCq3-gosS-BXw5-RBPF3zIZg,0JQkebNchmw,
Watched Bismarck,https://www.youtube.com/watch?v=ERj08qJ2FAU,2024-03-11T09:22:55.507Z,Sabaton - Topic,UCxJrBLPnyUIt6K33m9ZcsqA,ERj08qJ2FAU,"['Sabaton', 'Joakim BrodÃ©n', 'PÃ¤r SundstrÃ¶m', 'Bismarck']"
Watched SABATON - Shiroyama  (OFFICIAL LYRIC VIDEO),https://www.youtube.com/watch?v=Ylyqoxh-cXk,2024-03-11T09:18:53.621Z,Nuclear Blast Records,UCoxg3Kml41wE3IPq-PC-LQw,Ylyqoxh-cXk,"['sabaton', 'new sabaton album', 'sabaton 2014', 'swedish empire', 'nuclear blast', 'power metal', 'joakim broden', 'sabaton drums', 'Nuclear Blast (Organization)', 'metal', 'abyss studio', 'Peter TÃ¤gtgren (Record Producer)', 'nightwitches', 'regiment 588', 'night witches', 'heroes on tour', 'sabaton full album', 'sabaton live', 'Resist and Bite', 'swedish pagans', 'panzerkampf', 'carolus rex', 'sabaton tour', 'the last stand', 'sabaton the last stand full album', 'the last stand full album', 'shiroyama', 'hard media']"
Watched SABATON - Resist And Bite (OFFICIAL LYRIC VIDEO),https://www.youtube.com/watch?v=iGtEH1i78sI,2024-03-11T09:15:14.850Z,Nuclear Blast Records,UCoxg3Kml41wE3IPq-PC-LQw,iGtEH1i78sI,"['sabaton', 'new sabaton album', 'sabaton 2014', 'swedish empire', 'nuclear blast', 'power metal', 'joakim broden', 'sabaton drums', 'Nuclear Blast (Organization)', 'metal', 'abyss studio', 'Peter TÃ¤gtgren (Record Producer)', 'chris huszar', 'david havlena', 'sabaton tour 2015', 'sabaton tour']"
"Watched Fantasy Medieval/Tavern Music - Celtic Music, Tavern Ambience, Relaxing Music",https://www.youtube.com/watch?v=0wIC1_wG7_o,2024-03-11T09:11:16.417Z,The Soul of Wind,UCUZNK80DemBN3kyxusDLwrA,0wIC1_wG7_o,"['Fantasy bard tavern songs', 'fantasy bard tavern music', 'tavern music', 'tavern songs', 'medieval music', 'Dungeons and Dragons', 'Folk music', 'Dragon Age', 'Taverns of Azeroth', 'Skyrim', 'Kingdom Come: Deliverance', 'Dragon Age Origins', 'Relaxing Music', 'Fantasy', 'Sleeping Music', 'BGM RPG', 'Celtic BGM', 'RPM Medival', 'RPG Music', 'RPG Playlist', 'Game RPG Music', 'Best Gaming Music', 'DnD Calm Fantasy', ""baldur's gate 3 rpg"", 'Celtic bgm', 'Tavern Ambience']"
Watched Frieren OST â€” Zoltraak Extended Ver.,https://www.youtube.com/watch?v=k4EQilGwtus,2024-03-11T08:44:10.104Z,Snowlight,UCJhSJ3OwfYKdFesePik36jQ,k4EQilGwtus,"['Frieren', ""Frieren: Beyond Journey's End"", 'Zoltraak', 'Anime OST', 'Fern The Apprentice', 'Battle OST', 'Extended Anime OST']"
Watched Journey of a Lifetime ~ Frieren Main Theme,https://www.youtube.com/watch?v=sSmK6-O-0gk,2024-03-11T08:43:47.310Z,Evan Call - Topic,UCu4AV2t-2M9BGY07qyyFxgw,sSmK6-O-0gk,"['Evan Call', 'TVã‚¢ãƒ‹ãƒ¡ã€è‘¬é€ã®ãƒ•ãƒªãƒ¼ãƒ¬ãƒ³ã€Original Soundtrackã€œPre-releaseã€œ', 'Journey of a Lifetime ~ Frieren Main Theme']"
"Watched Kuali Merah Putih 03. KEADILAN TIDAK ADA DISINI! MERAH PUTIH SUKU MUYU, BOVEN DIGOEL.",https://www.youtube.com/watch?v=jEF7jbqkrhQ,2024-03-11T06:53:46.208Z,Bobon Santoso,UCCeJqNJdhaydrlubVLzyErQ,jEF7jbqkrhQ,"['bobon', 'terkeren', 'santoso', 'terunik', 'eksperimen', 'gokil', 'terlucu', 'terganteng', 'raja mukbang', 'raja memasak', 'mukbang babi', 'raja eksperimen', 'masakan aneh', 'masterchef', 'food vlogger', 'makan banyak', 'makan besar', 'chef terbaik', 'resep masak', 'jago masak', 'kepala babi', 'mukbang terbanyak', 'jajanan unik', 'chef bobon', 'masakan unik', 'chef indonesia', 'chef dunia', 'masak banyak', 'mukbang banyak', 'raksasa', 'jumbo', 'terenak', 'terbaik', 'rekor']"
"Watched Bule Pura-Pura G0BL0K Gak Bisa Bhs Jawa, Endingnya Bikin Semua SHOCK !!",https://www.youtube.com/watch?v=sJ5n9GGCcpM,2024-03-11T04:32:27.677Z,Londokampung,UCADZVxC_4omYiNDLcsDoCeg,sJ5n9GGCcpM,"['bule jowo', 'bule ngomong bahasa jawa', 'bule ngomong jawa', 'cak dave', 'dave jephcott', 'londo jowo', 'londo kampung', 'londokampung', 'london kampung', 'londokampung prank', 'cak dave prank', 'prank bule', 'prank bule jowo', 'bule jowo prank', 'Prank warkop', 'londokampung magelang', 'londokampung jateng', 'jawa tengah prank']"
"Watched Alan Walker, Putri Ariani, Peder Elias - Who I Am (Restrung Performance Video)",https://www.youtube.com/watch?v=tl_1unb5Asc,2024-03-11T04:31:02.417Z,Alan Walker,UCJrOtniJ0-NWz37R30urifQ,tl_1unb5Asc,"['Alan Walker', 'DJ Walkzz', 'K-391', 'House', 'Techno', 'Walkersjoin', 'Walkerworld', 'whoIam', 'WhoIAmMV', 'Putriariani', 'Pederelias', 'agt', 'music', 'popularmusic', 'musica', 'dj', 'producer', 'best music mix', 'music mix 2024', 'edm', 'music 2024', 'bass boosted', 'car music', 'magic music', 'popular song', 'musik', 'gaming music', 'agt 2023', 'got talent 2023', ""america's got talent 2023"", 'golden buzzer 2023', ""indonesia's got talent"", 'best singers', 'pop', 'EDM', 'reactions', 'smurfcat', 'bananacat', 'Fade', 'Faded', 'Alone', 'better off alone']"
Watched Sousou no Frieren - Zoltraak For 1 Hour,https://www.youtube.com/watch?v=NMTBWq01kR4,2024-03-11T03:21:44.118Z,Wakame Family,UCxAx5zBEoOkkJZoJ7qVu9_Q,NMTBWq01kR4,
Watched Zoltraak,https://www.youtube.com/watch?v=7S3eJG-8v_E,2024-03-11T03:19:21.188Z,Evan Call - Topic,UCu4AV2t-2M9BGY07qyyFxgw,7S3eJG-8v_E,"['Evan Call', 'TVã‚¢ãƒ‹ãƒ¡ã€è‘¬é€ã®ãƒ•ãƒªãƒ¼ãƒ¬ãƒ³ã€Original Soundtrackã€œPre-releaseã€œ', 'Zoltraak']"
Watched Makanan Si Paling Sehat,https://www.youtube.com/watch?v=OBG23q9Hyc8,2024-03-10T15:25:59.249Z,Tekotok,UCFhzJ5UfoTlOxJT8xYoTuDw,OBG23q9Hyc8,"['tekotok', 'animasi tekotok', 'komuk santuy']"
Watched TERKUBUR â—DIKIRA BATANG TERNYATA BUAYA RISKA,https://www.youtube.com/watch?v=E0BKNyQxlU8,2024-03-10T15:25:17.358Z,fitriyani RISKA,UC5R5hlka52ry1NL4axxM0BA,E0BKNyQxlU8,"['buaya riska', 'amboriska', 'crocodile', 'Malaysia', 'fitriyani RISKA', 'Kalimantan Timur', 'Sulawesi', 'bugis', 'hewan buas', 'alam liar', 'alam Indonesia', 'trending hewan', 'panji petualang', 'alshad Ahmad']"
Watched Begini jadinya jika mempunyai kru nya sudah profesional â€¼ï¸ğŸ˜¨,https://www.youtube.com/watch?v=1UjwXWEY67w,2024-03-10T15:24:50.908Z,crger54,UCc7tz7tyT6lcDHFtci0ttaQ,1UjwXWEY67w,
Watched Penerimaan secara sah Letkol Tituler oleh KASAD,https://www.youtube.com/watch?v=C8JgrCCeNHg,2024-03-10T15:22:23.182Z,Deddy Corbuzier,UCYk4LJI0Pr6RBDWowMm-KUw,C8JgrCCeNHg,
"Watched Bosen review, saya langsung bikin HP sendiri",https://www.youtube.com/watch?v=U76imVp-OgQ,2024-03-10T15:21:21.132Z,GadgetIn,UC1dI4tO13ApuSX0QeX8pHng,U76imVp-OgQ,
Watched PAK #10 | PEMAIN KALEM HAHAHA | PODCAST ALA KADARNYA,https://www.youtube.com/watch?v=rWaNm_bnvB8,2024-03-09T18:43:24.499Z,kurniameiga1,UClKA-LWbDhpC5aHgaHLI0iw,rWaNm_bnvB8,"['Sepak bola', 'podcast', 'podcast ala kadarnya']"
