video_id,video_title,view_count,channel_name,channel_id,channel_url,time_record,video_tag
Dd_uvpdhonc,Sahur Kalian!!!,497,ShinMei,UCahetHoMuR0j0EKLogexCIg,/@ShinMeii,2024-03-18 23:32:23.757362,[]
vZ96jD3jh1Q,Kenapa Eropa Pro LGBT banget? Padahal Dulu Paling Anti! Lupa Tragedi Masa Lalu? | LearningByGoogling,77548,Sepulang Sekolah,UCfQHaUbD0oEBH_FRYHE5qIg,/@SepulangSekolah,2024-03-18 23:32:23.757362,"['sepulang sekolah', 'koi', 'jui', 'SMA', 'pelajar', 'komedi', 'comedy', 'standup', 'web series', 'bogor', 'indonesia', 'belajar', 'learning by googling', 'learning by google', 'learning with google', 'koide', 'koide namizo', 'koiyocabe', 'koiyo cabe', 'koyocabe', 'koyo cabe', 'history', 'sejarah', 'budaya', 'culture', 'asia tenggara', 'south east asia', 'story telling', 'storytelling', 'penjelasan', 'eropa', 'pelangi', 'raindow', 'index rainbow', 'rainbows', 'index']"
1h1w876eIAo,MENDING AZKA KATOLIK SELAMANYA DARIPADA DEKET SAMA ONAD‚ÄºÔ∏è- LOGIN - JAFAR - ONAD,694525,Deddy Corbuzier,UCYk4LJI0Pr6RBDWowMm-KUw,/@corbuzier,2024-03-18 23:32:23.757362,"['Login', 'Log in', 'Habib Jafar', 'Onad', 'Onadio Leonardo', 'Closethedoor', 'Login di closethedoor', 'Agama', 'Islam', 'Ramadhan', 'Lucu', 'Debat', 'Sahur', 'buka puasa', 'puasa', 'tarawih', 'Komedi', 'Comedy', 'Deddy Corbuzier', 'Corbuzier', 'Orang tua', 'religi', 'islam', 'kristen', 'muslim', 'gereja', 'anak', 'nada tarina', 'azka corbuzier', 'ibu', 'surga', 'neraka']"
7z-1u3TRTyY,final boss frieren,4,Meleth,UCX9HaoMFTD1TtTESqSjRfRw,/@meleth2543,2024-03-18 23:32:23.757362,[]
yM9nzbzJNec,Sousou no Frieren Ep. 27 Emotional OST- Flower Field | COVER,7085,TaeIn Kim Music,UCO-CX5f2TOpRxeoi0Xi9C1A,/channel/UCO-CX5f2TOpRxeoi0Xi9C1A,2024-03-18 23:32:23.757362,"['sousou', 'sousou no frieren', 'frieren', 'frieren ost', 'sousou no frieren emotional ost', 'emotional ost', 'frieren emotional ost', 'frieren sad ost', 'frieren sad music', 'sousou no frieren 27', 'episode 27']"
WRa-38EDrZA,Shangri-La Frontier: Pemburu Gim Ampas Menjajal Gim Dewa - Episode 23 [Takarir Indonesia],320036,Muse Indonesia,UCxxnxya_32jcKj4yN1_kD7A,/@MuseIndonesia,2024-03-18 23:32:23.757362,"['„Ç∑„É£„É≥„Éï„É≠', 'Êó•È´òÈáåËèú', 'ÂçÉÊú¨Êú®ÂΩ©Ëä±', 'Fantasy', 'Drama', 'isekai', 'komedi', 'muse', 'anime', 'Streaming', 'DiRumahAja']"
BxTXp7EF8mw,EPISODE 143: PENEMUAN MENGEJUTKAN SAAT GALI MAKAM‚ùóÔ∏è,75935,Dokter Stephanie,UCNylyhNWG_zKB2yw0l6nl9g,/@dokterstephanie,2024-03-18 23:32:23.757362,"['Forensik', 'Forensic', 'Forensics', 'Otopsi', 'Autopsy', 'Kisah Otopsi', 'Kisah Forensik', 'Kisah Forensik Dokter Stephanie', 'Kisah Otopsi Dokter Stephanie', 'Misteri', 'Cerita Misteri', 'Cerita Horor', 'Horor', 'Horror', 'Medis', 'Misterius', 'Sosok Gaib', 'Mistis', 'Cerita Mistis', 'Cerita Mistik', 'Cerita Forensik', 'Cerita Otopsi', 'Cerita Dari Ruang Otopsi', 'Exhumasi', 'Gali Kubur', 'Gali Makam', 'Janin Bayi', 'Janin dalam perut mayat', 'Gadis Remaja Hamil']"
k-Wk_hm2Aa4,"Kronologi lengkap, Kejanggalan & Teori2 menghilangnya KATE MIDDLETON. | #NERROR",234676,Nessie Judge,UC_SBt2BFBkExq_azj-P5lNA,/@NessieJudge,2024-03-18 23:32:23.757362,"['indonesian', 'vlog', 'vlogger', 'youtuber', 'nessie', 'judge', 'nessiejudge', 'nerror', 'teorikonspirasi', 'horror']"
D7bnoDIPs4M,Pentingnya belajar fisika di sekolah... Biar ga kayak gini üò≠üò≠,115448,Fajrul Fx,UCUYgCukQfUN2DImPYrBiV4g,/@FajrulFx,2024-03-18 23:32:23.757362,"['Fajrul Fx', 'sains', 'indonesia', 'fisika']"
DMAbUnuxeTA,Sabaton -The Red Baron [FIRST TIME REACTION],250,Sohum,UCfhqkDIkopvh8dMx70Ej9og,/@Sohum,2024-03-18 23:32:23.757362,"['Sohum', 'Sohum Mehrotra', 'sohum reaction', 'reaction video', 'music reaction', 'music analysis', 'SABATON', 'sabaton', 'sabaton reaction', 'sabaton first time reaction', 'sabaton the red baron', 'sabaton the red baron reaction', 'sabaton red baron', 'sabaton red baron reaction', 'the red baron reaction', 'the red baron first time reaction', 'red baron sabaton', 'red baron sabaton reaction', 'red baron sabaton first time reaction', 'the red baron sabaton', 'the red baron sabaton reaction']"
ZaFIYKKkH3g,Ini yang Katanya Anime Komedi Paling Lucu? - Grand Blue,13492,Megane Sensei,UC6Yoq_MyO8-nkrvCj7USqzw,/@MeganeSensei,2024-03-18 23:32:23.757362,"['Overlord', 'Detail Kecil', 'Megane Sensei', 'Grand Blue', 'Grand Blue Season 2', 'Iori', 'Chisa', 'Aina', 'Kouhei']"
rgn2aZCYTqc,"Relaxing music Relieves Stress, Anxiety and Depression üåøRain Sounds for Heals the Mind, body & Soul",171493,The Soul of Wind,UCUZNK80DemBN3kyxusDLwrA,/@TheSoulofWindLabel,2024-03-18 23:32:23.757362,"['music for massage', 'music therapy', 'music for sleep', 'relaxing music', 'music for harmony', 'gentle music', 'beautiful music', 'music for health', 'stress relief', 'yoga', 'sleep', 'tranquil paradise', 'calm', 'relaxation music', 'healing music', 'calm music', 'positive music', 'music to relax', 'meditation music', 'sleep music', 'deep sleep', 'deep sleep music', 'deep sleeping music', 'peaceful', 'relaxing sleep music', 'bamboo waters', 'sleep in night']"
08Wrjft4KsU,"Xpander Nabrak Porsche 9Milyar, Caleg Kena Clickbait & Tes Adrenalin",92490,TnM,UCZdmuthWjKAC-oiaoh1bfOw,/@andriTNM,2024-03-18 23:32:23.757362,"['TNM', 'Podcast', 'lunatictwister', 'Viral', 'Trending', 'Viral di Indonesia', 'Indonesia', 'Berita', 'Info', 'Misuh']"
94NPlFe13tg,"Discord Got Talent Indonesia ( Ft. Windah Basudara , Fandi DK , Crispy Cendy )",141612,Nekoturnal,UCDF0wB8CGKH9dWGSp5HLrDA,/@Nekoturnal,2024-03-18 23:32:23.757362,"['DGT ID', 'DGT Indo', 'Discord Got Talent Indo', 'Nekoturnal', 'Discord', 'Discord Indo', 'Discord Indonesia', 'Discord indo meme', 'discord meme indonesia', 'Discord got talent', 'discord nekoturnal', 'dgt nekoturnal', 'discord got talent nekoturnal', 'milyhya', 'dgt milyhya', 'luthfi halimawan', 'windah basudara', 'brando', 'bocil kematian', 'discolen', 'dgt luthfi', 'discord got milyhya', 'windah', 'dgt windah', 'dgt brando', 'bang windah', 'discord windah', 'bang brando', 'crispy cendy', 'fandi dk', 'bg windah', 'bg brando']"
YV0SfVzcV1w,"PWK - SUDAH BELAJAR PUASA, SHOLAT, DAN PUNYA KTP ISLAM, INI ALASAN DENNY SUMARGO BELUM LOG IN!!",2483247,HAS Creative,UCio3ArXLJ_Mo8FLLGVzIC5A,/@HASCreative,2024-03-18 23:32:23.757362,"['pwk', 'podcast warung', 'warung kopi', 'yanti', 'praz teguh', 'BBEG', 'komika', 'stand up comedy', 'suci', 'Has Creative', 'PWK', 'Podcast Warung Kopi', 'Yanti', 'Yanti Pwk', 'PrazYanti', 'Maling', 'Talkjil', 'Denny Sumargo', 'denny sumargo podcast', 'denny sumargo klarifikasi', 'denny sumargo istri', 'olivia allan', 'curhat bang denny sumargo', 'denny sumargo pwk', 'denny sumargo yanti', 'densu', 'denny sumargo praz teguh', 'denny sumargo ellyas pical', 'denny sumargo basket', 'pembasket sombong', 'denny sumargo aktor', 'lucu', 'kocak', 'komedi']"
oMSJC502p8w,Maomao Cute and Funny Moments - The Apothecary Diaries,1129017,Lobo Anime Extras,UC0Fsihw5OYCK5EAvzf6kFNQ,/@LoboAnimeExtras,2024-03-18 23:32:23.757362,"['anime', 'funny anime', 'lobo nox1313', 'lobo nox', 'cute anime moments', 'funny anime moments', 'anime funny', 'funny moments', 'reaction', 'lobo anime extras', 'anime clips', 'anime clip', 'anime reaction', 'cute anime', 'frieren funny moments', 'anime girl', 'the apothecary diaries', 'the apothecary funny', 'maomao', 'maomao funny moments', 'maomao funny', 'maomao apothecary diaries', 'apothecary diaries maomao', 'the apothecary diaries anime']"
qHCVG5xQgwc,Learn Japanese with Fern | Frieren: Beyond Journey's End | Fern blocks Zoltraak,73935,Learn Japanese with Anime,UC9ssvo21riZqIWx6dLyzUNg,/@LearnJapanesewithJasmine,2024-03-18 23:32:23.757362,[]
